x_axis(arcsec),Stellar_Profile(Jy/arcsec^2),Stellar_Unc(Jy/arcsec^2),PSF_Profile(Jy/arcsec^2),Residual_Profile(Jy/arcsec^2),Residual_Unc(Jy/arcsec^2),FractionalResidual_Profile(Jy/arcsec^2),FractionalResidual_Unc(Jy/arcsec^2)
0,0.1203415861,0.0028069056,0.1203415861,0,0.003969564,0,nan
3.2,0.082008916,0.0031677922,0.0917537083,-0.0097447923,0.0038229531,-0.1062059777,-0.0417389549
6.4,0.0340863697,0.0020047883,0.0434958566,-0.0094094869,0.0022468698,-0.2163306489,-0.0519029483
9.6,0.0109899211,0.0007437928,0.0138572829,-0.0028673617,0.000810984,-0.2069209206,-0.0587226987
12.8,0.0058653061,0.0002139305,0.0054980703,0.0003672358,0.0002494226,0.0667935805,0.0453922291
16,0.0042176855,0.0001502004,0.0037807386,0.0004369469,0.0001741739,0.1155718392,0.0461475528
19.2,0.0026753019,0.0001358588,0.0021812773,0.0004940246,0.0001450728,0.2264840624,0.0667176335
22.4,0.0017249137,0.0001041958,0.0010906953,0.0006342184,0.0001072565,0.5814808414,0.0992686194
25.6,0.0013187286,8.91147591893E-05,0.0005915392,0.0007271895,9.01765329094E-05,1.2293174955,0.1551170269
28.8,0.00117796,8.62675857739E-05,0.0004316473,0.0007463126,8.68530944114E-05,1.7289870407,0.2052146094
32,0.0011299316,8.04969217802E-05,0.0003769968,0.0007529348,8.09757727216E-05,1.9971916529,0.2197850896
35.2,0.0010148959,7.8065419358E-05,0.0003027208,0.0007121751,7.83840844509E-05,2.3525806679,0.2646823867
38.4,0.0009362117,7.67897895163E-05,0.0002232887,0.000712923,7.69662005436E-05,3.1928300653,0.3526466138
41.6,0.0008325393,7.17774745859E-05,0.0001741802,0.0006583591,7.1892357663E-05,3.7797587459,0.4220574334
44.8,0.0007510008,7.55783629451E-05,0.0001399616,0.0006110392,7.56488341771E-05,4.3657641102,0.5500058046
48,0.0006720909,7.07850689027E-05,0.0001116945,0.0005603963,0.000070833,5.0172222735,0.6448740077
51.2,0.0006189503,6.97207367565E-05,9.0666583614E-05,0.0005282837,6.97528014308E-05,5.8266641911,0.7812446865
54.4,0.0005851573,6.95803455984E-05,7.49488760965E-05,0.0005102085,6.96023024114E-05,6.8074197591,0.9421397258
57.6,0.000534066,6.57988841396E-05,6.34915750262E-05,0.0004705744,6.5815547126E-05,7.4116043276,1.0509187085
60.8,0.0005188219,6.95262289859E-05,0.000055038,0.0004637839,6.9538079423E-05,8.4266063604,1.2786511256
64,0.0005204161,6.62653307317E-05,4.92043253478E-05,0.0004712118,6.62752683378E-05,9.5766341473,1.365335578
67.2,0.0005235462,6.39222644748E-05,4.37471787175E-05,0.000479799,6.39304080374E-05,10.9675409916,1.4835818229
70.4,0.0005078889,6.58975796044E-05,3.95772392144E-05,0.0004683117,0.000065904,11.8328542794,1.687917836
73.6,0.0004846506,6.46396622741E-05,3.56572615719E-05,0.0004489933,0.000064645,12.5919178022,1.8365907857
76.8,0.0004181318,6.38466661882E-05,3.18616212818E-05,0.0003862701,0.000063851,12.123367517,2.023861065
80,0.000359529,6.30021529467E-05,2.95449055238E-05,0.0003299841,6.30059216417E-05,11.1689011843,2.1484005114
83.2,0.0002931305,6.05415350873E-05,2.78362805021E-05,0.0002652942,0.000060545,9.5305193836,2.1863697589
86.4,0.000240677,6.26916978475E-05,2.57734278399E-05,0.0002149036,6.26945800103E-05,8.3381827824,2.4402900463
89.6,0.0001876322,6.02573672233E-05,2.39748740303E-05,0.0001636573,0.00006026,6.8262013913,2.5185009752
92.8,0.0001541264,0.000060899,2.23064097744E-05,0.00013182,6.09011786088E-05,5.9095101748,2.7336869615
96,0.0001122644,6.07734516167E-05,2.05451914607E-05,9.17191812691E-05,6.07753408861E-05,4.4642651028,2.9599617635
99.2,0.000086851,5.89617515306E-05,1.88605684213E-05,6.79903864792E-05,5.89633926013E-05,3.6048959374,3.127409169
102.4,8.66694107738E-05,5.88983056311E-05,1.71700814799E-05,6.94993292939E-05,5.88996671731E-05,4.047699446,3.4316651374
105.6,7.37961141119E-05,5.80346579612E-05,1.51930882328E-05,0.000058603,5.80357398803E-05,3.8572161881,3.8209370951
108.8,7.25301852707E-05,5.74675813156E-05,1.36892640866E-05,5.88409211841E-05,5.74684683247E-05,4.2983261052,4.1992654631
112,5.6004135657E-05,5.97256546924E-05,1.25723727966E-05,4.34317628604E-05,5.97263745807E-05,3.454539852,4.7512880753
115.2,6.17826156739E-05,5.77555315541E-05,1.16082810971E-05,5.01743345768E-05,5.77561662037E-05,4.3222880422,4.9764492325
118.4,5.53651686108E-05,5.78042185247E-05,1.06979067739E-05,4.46672618369E-05,5.78047570799E-05,4.1753272655,5.4042483564
121.6,5.96733587113E-05,5.54424391255E-05,1.01027086324E-05,4.95706500788E-05,5.54429398808E-05,4.9066692788,5.4891214246
124.8,0.000038561,5.67816758955E-05,9.37059123976E-06,2.91904260177E-05,5.6782096543E-05,3.1151103779,6.0600421953
128,5.80768835978E-05,5.65668937032E-05,8.85888182526E-06,0.000049218,5.65672710913E-05,5.5557803731,6.3866884888
131.2,5.11438200736E-05,5.52965750985E-05,8.4003137766E-06,4.2743506297E-05,5.52969222232E-05,5.0883225834,6.5837908383
134.4,5.79396000621E-05,5.76825617317E-05,7.8304014142E-06,5.01091986479E-05,5.76828508773E-05,6.3993141599,7.3680374027
137.6,4.16195020837E-05,5.40063672884E-05,7.42655568554E-06,3.41929463981E-05,5.40066450825E-05,4.6041459656,7.2728914663
140.8,3.75575623724E-05,5.49076567492E-05,7.076777139E-06,3.04807852334E-05,5.49079048518E-05,4.3071562994,7.7595360528
144,4.87114867592E-05,5.60208292078E-05,6.80008780937E-06,4.19113989498E-05,5.60210537369E-05,6.1633614337,8.2395380526
147.2,4.91146906838E-05,5.44584383814E-05,6.36177581705E-06,4.27529148668E-05,5.44586405366E-05,6.7202800124,8.5617241296
150.4,5.36615917317E-05,5.58674023064E-05,6.05963511305E-06,0.000047602,5.58675810901E-05,7.8555813561,9.221448439
153.6,6.0512590851E-05,5.41443408901E-05,5.68929154117E-06,5.48232993099E-05,5.41445035037E-05,9.6362260421,9.5195686087
156.8,5.16156404957E-05,0.000055204,0.000005425,4.61906639269E-05,5.52041288004E-05,8.514444872,10.1778579509
160,4.51447944866E-05,5.33713445516E-05,5.1833980405E-06,3.99613964461E-05,5.33714814866E-05,7.7094979266,10.2981903682
163.2,5.0441326861E-05,5.27244560354E-05,4.93292970986E-06,4.55083971512E-05,5.27245815781E-05,9.225429882,10.6904554374
166.4,4.80125832253E-05,0.000053918,0.000004708,4.33046283262E-05,5.39180790223E-05,9.1981824921,11.4545572673
169.6,5.25517199086E-05,5.24672664621E-05,4.52147146237E-06,4.80302484462E-05,5.24673724521E-05,10.6227029952,11.606693002
172.8,4.96912862685E-05,5.3669743695E-05,4.30691271914E-06,4.53843735493E-05,5.36698377098E-05,10.5375651909,12.4637483088
176,4.45546951688E-05,5.17160752846E-05,4.14439754742E-06,4.04102976214E-05,5.17161656269E-05,9.750584291,12.4806448963
179.2,3.87938313964E-05,5.31027593758E-05,0.000004019,3.47748001833E-05,5.31028421166E-05,8.652532996,13.2143876051
182.4,4.61989186099E-05,5.22961505676E-05,3.8755327053E-06,4.23233859046E-05,5.2296228692E-05,10.9206628154,13.496349798
185.6,4.42117532731E-05,5.06641508341E-05,3.72225866987E-06,4.04894946032E-05,5.06642252226E-05,10.8776681564,13.6135155757
188.8,4.15379018413E-05,5.13037980407E-05,3.57952465102E-06,3.79583771902E-05,5.1303865976E-05,10.6043066862,14.3347259235
192,3.91583244666E-05,5.14671474681E-05,3.45916069022E-06,3.56991637764E-05,5.146721071E-05,10.3201808107,14.8804726147
195.2,3.47819052577E-05,4.99630505457E-05,3.32038810154E-06,3.14615171562E-05,4.99631105694E-05,9.4752529506,15.0489935811
198.4,4.62035013429E-05,5.03648346264E-05,3.22144416883E-06,4.2982057174E-05,5.03648906753E-05,13.3424808631,15.6373554784
201.6,4.85438313148E-05,4.98717616909E-05,3.12882045242E-06,0.000045415,4.98718150859E-05,14.5150581674,15.9430891594
204.8,3.49481482114E-05,5.06898262788E-05,3.00715513943E-06,0.000031941,5.0689874806E-05,10.6216645271,16.8582420855
208,4.33512517234E-05,4.90192595559E-05,2.94865028922E-06,4.04026014342E-05,4.90193078033E-05,13.70206619,16.6273923441
211.2,4.99938673742E-05,5.08143232529E-05,2.84388443659E-06,0.00004715,5.08143665473E-05,16.5794299976,17.8721276966
214.4,5.84744214736E-05,4.9145168771E-05,2.78517353439E-06,5.56892479392E-05,4.91452117066E-05,19.9948934067,17.6514581842
217.6,4.81250609651E-05,4.85222919611E-05,2.69690902991E-06,4.54281519352E-05,4.85223327353E-05,16.8445251328,17.9961207439
220.8,4.02879077456E-05,4.95148147587E-05,2.6404632108E-06,3.76474445348E-05,4.95148530604E-05,14.2578939865,18.7552844968
224,5.06994869746E-05,0.000047769,2.55475416345E-06,4.81447328111E-05,0.000047769,18.8451528918,18.7032609331
227.2,7.50386722215E-05,4.86835803832E-05,2.48288828055E-06,7.2555783941E-05,4.86836148282E-05,29.2223313104,19.6194973487
230.4,7.00769060366E-05,4.77704474999E-05,2.41639069183E-06,6.76605153447E-05,4.77704807482E-05,28.0006522014,19.7801380575
233.6,7.56784141513E-05,4.75355709852E-05,2.31772937685E-06,7.33606847744E-05,4.7535601725E-05,31.651963127,20.5228396246
236.8,6.81140645592E-05,4.79774806164E-05,2.2513410382E-06,6.5862723521E-05,4.79775093532E-05,29.2548851567,21.321557514
240,5.79433200817E-05,4.72677587733E-05,2.20409775477E-06,5.57392223269E-05,4.72677867303E-05,25.2889066314,21.4535233546
243.2,6.56626257617E-05,4.7763697153E-05,0.000002124,6.35386365255E-05,4.77637228452E-05,29.9147638985,22.4985646041
246.4,5.82547914165E-05,4.73363603156E-05,2.05766326887E-06,5.61971281476E-05,4.73363846459E-05,27.3111392898,23.0137407923
249.6,5.96747381525E-05,4.78233735119E-05,2.02373748928E-06,0.000057651,4.78233968069E-05,28.4873907651,23.6405650054
252.8,5.51764009413E-05,4.65751586069E-05,1.93823488221E-06,5.32381660591E-05,4.65751805477E-05,27.4673449269,24.0382274513
256,5.57954507648E-05,4.69376784691E-05,0.000001882,5.39134519283E-05,4.69376989955E-05,28.6469103397,24.9492932162
259.2,5.27043474122E-05,4.74704169093E-05,0.000001829,5.08753308757E-05,4.74704360786E-05,27.8156757258,25.9621847738
262.4,4.02784870053E-05,4.65367029345E-05,1.78951950939E-06,0.000038489,4.65367216531E-05,21.5079898788,26.0099874107
265.6,0.000042011,0.000046677,1.7337085325E-06,4.02772692993E-05,0.000046677,23.2318573418,26.9286594463
268.8,0.000032945,4.68730734135E-05,1.67888226793E-06,3.12661314705E-05,4.68730897708E-05,18.6231828567,27.9226026758
272,3.16824075642E-05,0.00004559,1.62936794604E-06,0.000030053,0.00004559,18.4445997549,27.983490455
275.2,3.54872780217E-05,4.62660628477E-05,1.57844935185E-06,3.39088286699E-05,4.62660774962E-05,21.4823672551,29.3153765811
278.4,0.00003609,4.49951750703E-05,1.53943552061E-06,3.45505858991E-05,4.49951893972E-05,22.4436720061,29.2330564809
281.6,3.53112821992E-05,4.60479035812E-05,1.50526755628E-06,0.000033806,4.6047916966E-05,22.4584755726,30.595668751
284.8,2.76814901393E-05,4.55661964398E-05,1.45178594323E-06,2.62297041961E-05,4.5566209022E-05,18.0671980731,31.3891425769
288,4.24233133031E-05,4.57757882868E-05,1.41655736352E-06,4.10067559396E-05,4.57758002109E-05,28.9481788706,32.3218760368
291.2,4.25451714468E-05,4.55573237907E-05,1.3714025833E-06,4.11737688635E-05,4.55573350204E-05,30.0231087244,33.2268997459
294.4,3.88995283503E-05,4.54391555097E-05,1.32905339656E-06,3.75704749537E-05,4.54391660839E-05,28.2685970713,34.1954773412
297.6,3.80460679292E-05,4.56672662128E-05,1.28820940898E-06,3.67578585202E-05,4.56672760974E-05,28.5340708304,35.4564429489
300.8,3.27313527681E-05,4.45849025644E-05,0.00000126,3.14714015239E-05,4.45849122497E-05,24.9782693336,35.391016001
304,2.58657950155E-05,4.5665835141E-05,1.21873227162E-06,2.46470627438E-05,4.56658439884E-05,20.223525148,37.472924485
307.2,2.85944509375E-05,4.54921974377E-05,1.18432706511E-06,2.74101238724E-05,4.54922058246E-05,23.1440492072,38.4156533703
310.4,1.99233930978E-05,4.42322567837E-05,1.1398764164E-06,1.87835166814E-05,4.42322647742E-05,16.478555404,38.806342363
313.6,1.40555840068E-05,4.52957127195E-05,1.10719302121E-06,1.29483909856E-05,4.52957200813E-05,11.6947910054,40.9113190396
316.8,1.37312336771E-05,4.45037761028E-05,1.0878706292E-06,1.26433630479E-05,4.45037833364E-05,11.6221200468,40.909975133
320,1.42753548733E-05,4.48591913657E-05,1.06215582771E-06,1.32131990456E-05,4.48591982067E-05,12.4399816871,42.2350993036
323.2,1.1688491506E-05,4.4922603193E-05,0.000001019,1.06695312651E-05,4.492260948E-05,10.4709986089,44.087391234
326.4,1.18293254932E-05,4.38311104769E-05,0.000000999,1.08303177022E-05,4.38311166706E-05,10.8410743136,43.8753781466
329.6,1.09180983769E-05,4.60557872635E-05,0.00000098,9.93805611442E-06,4.60557929363E-05,10.1404362801,46.99427568
332.8,8.08867278874E-06,4.43527223407E-05,9.25875132186E-07,7.16279765656E-06,4.43527275982E-05,7.7362458582,47.9039135122
336,1.20923246755E-05,4.3862943792E-05,9.14430967142E-07,1.11778937083E-05,4.38629489776E-05,12.223879232,47.9683271832
339.2,8.33107931169E-06,4.35403574733E-05,9.03856310731E-07,7.42722300096E-06,4.35403625772E-05,8.2172607668,48.1721560058
342.4,1.15551407016E-05,4.32619336693E-05,8.85443890731E-07,1.06696968108E-05,4.32619385989E-05,12.0501105971,48.8598485425
345.6,0.000013129,4.42811611784E-05,8.62421807027E-07,1.22665972932E-05,4.42811657473E-05,14.2234312644,51.3462086637
348.8,6.94610277222E-06,4.35271842238E-05,8.41608529815E-07,6.10449424241E-06,4.35271886502E-05,7.2533654617,51.7193207863
352,1.19165400257E-05,4.38718248825E-05,8.25909575735E-07,1.10906304499E-05,4.38718291119E-05,13.428383416,53.1203330685
355.2,8.93040371915E-06,0.000042629,8.10411816894E-07,0.00000812,0.000042629,10.0195872432,52.6021836592
358.4,3.96263515286E-06,4.30105180498E-05,7.75757246174E-07,3.18687790668E-06,4.30105218558E-05,4.1080865469,55.4433571839
361.6,8.18347742605E-06,4.32476076028E-05,7.47134565851E-07,7.4363428602E-06,4.32476111138E-05,9.9531506105,57.8850998283
364.8,4.0725151742E-06,4.23521640117E-05,7.37129091111E-07,3.33538608309E-06,4.23521675015E-05,4.5248330629,57.4556607026
368,6.15351602703E-06,4.30783186111E-05,7.20492361253E-07,0.000005433,4.3078321889E-05,7.5407096008,59.7903747403
371.2,0.000003495,4.30513362838E-05,6.94724440719E-07,2.80029326601E-06,4.30513393333E-05,4.0307971073,61.969014413
374.4,4.34379535751E-06,4.2667592894E-05,0.000000687,3.65678426937E-06,4.2667595903E-05,5.3227441777,62.1062481957
377.6,3.06193243503E-06,4.30223141609E-05,6.74782514112E-07,2.38714992092E-06,4.30223170398E-05,3.5376582395,63.757362068
380.8,-2.31294991686E-06,4.28086153541E-05,6.70355962231E-07,-2.98330587909E-06,4.28086182095E-05,-4.4503309393,-63.8596166437
384,8.52478308304E-06,4.27667171435E-05,6.57100545252E-07,7.86768253779E-06,4.27667198898E-05,11.9733313184,65.0845809091
387.2,3.23618788023E-06,4.32852402143E-05,6.32747020419E-07,2.60344085981E-06,4.32852427303E-05,4.1145051273,68.4085170339
390.4,2.98637941853E-06,4.22144601691E-05,6.20426269805E-07,0.000002366,4.22144626494E-05,3.8134316096,68.0411207162
393.6,3.1746494842E-06,4.19908509278E-05,6.19076349538E-07,2.55557313467E-06,4.19908534105E-05,4.1280419395,67.8282989638
396.8,2.28252070723E-06,4.25405143181E-05,0.000000606,1.67648670379E-06,4.25405166666E-05,2.7663244872,70.1949633139
400,-0.000008005,0.000042312,5.86819499778E-07,-8.59181439666E-06,0.000042312,-14.6413239504,-72.1047482066
403.2,-5.56088311165E-06,4.25484567187E-05,5.7682878625E-07,-6.1377118979E-06,4.25484588458E-05,-10.6404396664,-73.7631350871
406.4,-9.88873539605E-06,4.08870614706E-05,5.69183298061E-07,-1.04579186941E-05,4.08870636259E-05,-18.3735515953,-71.8358942872
409.6,-8.07872720143E-06,4.16843353347E-05,5.59665638398E-07,-8.63839283983E-06,4.16843373787E-05,-15.434917292,-74.4816573844
412.8,-2.52669288563E-06,4.18600676223E-05,5.48935579396E-07,-3.07562846503E-06,4.18600695804E-05,-5.6028950946,-76.2569099571
416,-5.00743545532E-06,4.12923543343E-05,5.41269414014E-07,-5.54870486933E-06,4.12923562643E-05,-10.2512810177,-76.2883658548
419.2,-3.81884787742E-06,4.1885671469E-05,5.28385809596E-07,-4.34723368701E-06,4.18856732822E-05,-8.2273853841,-79.2712356244
422.4,-4.5091680962E-06,4.05215396863E-05,5.18638163381E-07,-5.02780625958E-06,4.05215414919E-05,-9.6942466146,-78.1309861984
425.6,-0.000002641,4.11846968958E-05,5.088341836E-07,-3.14987835621E-06,4.11846986059E-05,-6.1903827568,-80.93946017
428.8,-6.86212026035E-06,4.1836054827E-05,4.97122828604E-07,-7.35924308895E-06,4.18360564338E-05,-14.8036715787,-84.1570858559
432,-8.53148989351E-06,4.07419091453E-05,4.83528916809E-07,-0.000009015,4.07419107062E-05,-18.6442185709,-84.2606344606
435.2,-2.86711394591E-06,4.18046328889E-05,0.000000483,-3.35013493075E-06,4.1804634407E-05,-6.9357958264,-86.548429048
438.4,-1.57563848152E-06,4.0634553564E-05,4.69593554519E-07,-2.04523203604E-06,4.06345550401E-05,-4.3553239101,-86.531390073
441.6,-5.80677384769E-06,4.19252189148E-05,4.53603995331E-07,-6.26037784303E-06,4.19252202498E-05,-13.8014168911,-92.4274807212
444.8,-3.58508421836E-06,4.11442995088E-05,4.40633290157E-07,-4.02571750852E-06,4.11443007924E-05,-9.1362082676,-93.3756228959
448,-7.81127341661E-06,4.07253890393E-05,4.31125657765E-07,-8.24239907438E-06,4.07253902807E-05,-19.1183218301,-94.4639766042
451.2,-1.58773002031E-06,4.11181720073E-05,4.26455712447E-07,-2.01418573276E-06,4.11181732104E-05,-4.7230830165,-96.4184529573
454.4,-2.21079867833E-06,4.03697171033E-05,4.17231342466E-07,-0.000002628,4.03697182763E-05,-6.298735865,-96.756309281
457.6,-0.000005326,4.08765871634E-05,4.09836131489E-07,-5.73580054351E-06,4.08765882812E-05,-13.9953510752,-99.7393935553
460.8,-3.22172877302E-06,4.08134346827E-05,4.05357501991E-07,-3.62708627501E-06,4.08134357779E-05,-8.9478701077,-100.685255012
464,-4.0841317131E-06,4.06464951702E-05,3.91056850545E-07,-4.47518856365E-06,4.06464961936E-05,-11.4438311397,-103.940463296
467.2,-1.46594025214E-05,4.1129483467E-05,3.82561580146E-07,-0.000015042,4.1129484435E-05,-39.3190662163,-107.514666789
470.4,-1.44375439463E-05,4.05056341565E-05,0.000000367,-1.48045097933E-05,4.05056350609E-05,-40.343018063,-110.383860591
473.6,-0.000008633,4.12065056668E-05,3.7087771074E-07,-9.0038628687E-06,4.12065065748E-05,-24.2771744107,-111.106816455
476.8,-1.25856186069E-05,4.03091965012E-05,3.72286628567E-07,-1.29579052355E-05,4.03091974365E-05,-34.8062601265,-108.277674794
480,-1.11575189677E-05,4.10807499465E-05,3.63886776875E-07,-1.15214057446E-05,4.10807508233E-05,-31.6620621488,-112.896737061
483.2,-1.13431589527E-05,4.12190723129E-05,3.58082610979E-07,-1.17012415637E-05,4.12190731591E-05,-32.6774917433,-115.113036632
486.4,-1.12308682654E-05,4.01571475609E-05,3.42190403695E-07,-1.15730586691E-05,4.01571483541E-05,-33.8205237323,-117.355878954
489.6,-2.23233521832E-06,4.05774822218E-05,3.32948344962E-07,-2.56528356328E-06,4.05774829649E-05,-7.7047494066,-121.873340695
492.8,-8.01564540617E-06,3.97968216119E-05,3.34129925925E-07,-8.3497753321E-06,3.9796822375E-05,-24.9896063903,-119.107256848
496,-1.08593900176E-05,4.02994401643E-05,3.23445354621E-07,-1.11828353722E-05,4.02994408704E-05,-34.574110317,-124.596889075
499.2,-1.18461700054E-05,4.02692192594E-05,0.000000307,-1.21531507624E-05,4.0269219896E-05,-39.5892917898,-131.181569735
502.4,-8.50807002017E-06,3.95464420231E-05,3.03370158091E-07,-8.81144017826E-06,3.95464426562E-05,-29.0451777911,-130.358822864
505.6,-5.6084788023E-06,4.00815660891E-05,0.000000303,-5.91144566679E-06,4.0081566712E-05,-19.5118554522,-132.297648906
508.8,-4.86914243095E-06,4.01201455463E-05,3.03150927304E-07,-5.17229335825E-06,4.01201461694E-05,-17.0617764697,-132.344399898
512,-0.000008793,3.99611378161E-05,3.02601423998E-07,-9.09562222077E-06,3.99611384394E-05,-30.0580945741,-132.060520581
515.2,2.17942477084E-06,3.92858414121E-05,2.91743193582E-07,1.88768157726E-06,3.92858420015E-05,6.4703534437,134.659068449
518.4,2.21015548306E-06,3.97555849344E-05,0.000000286,1.92414541862E-06,3.97555854941E-05,6.7275444395,139.000740778
521.6,-0.000005937,3.96133297018E-05,2.7670632297E-07,-6.21372187825E-06,3.96133302275E-05,-22.4560169481,-143.161149807
524.8,-4.23879852661E-06,3.97726732257E-05,2.67245838239E-07,-0.000004506,3.97726737141E-05,-16.8610459738,-148.824815546
528,-9.73608666767E-06,3.93788054467E-05,2.59805065774E-07,-9.99589173345E-06,3.93788059129E-05,-38.4745836409,-151.573241997
531.2,-1.23411219384E-05,3.94030842463E-05,2.56105217687E-07,-1.25972271561E-05,3.9403084699E-05,-49.1877021088,-153.859341654
534.4,-0.000005804,3.96266100034E-05,2.56126425054E-07,-6.06016577067E-06,3.96266104538E-05,-23.6608376874,-154.716025676
537.6,-3.93377432054E-06,4.00826693912E-05,2.52468855693E-07,-4.18624317623E-06,4.00826698238E-05,-16.5812260873,-158.763300298
540.8,-3.28839773007E-06,0.00003887,0.000000243,-3.53137640295E-06,0.00003887,-14.5336887436,-159.973103839
544,-7.77237766824E-06,3.92172325855E-05,0.000000239,-8.01132877642E-06,3.92172329815E-05,-33.5270626591,-164.124278176
547.2,-6.06078122966E-06,3.89274115412E-05,2.41057601662E-07,-6.30183883132E-06,3.89274119472E-05,-26.1424605069,-161.48708518
550.4,-2.55117327209E-06,3.87331227085E-05,2.31394020158E-07,-2.78256729225E-06,3.87331230846E-05,-12.0252342319,-167.390572296
553.6,-2.25779897929E-06,0.000038622,2.28466111609E-07,-2.4862650909E-06,0.000038622,-10.882423977,-169.049291694
556.8,-6.78661702707E-06,3.87392407272E-05,2.26292712822E-07,-7.01290973989E-06,3.87392410867E-05,-30.9904355842,-171.192372641
560,-1.39166351808E-05,3.91434890319E-05,2.17371910849E-07,-0.000014134,3.91434893602E-05,-65.0222332613,-180.082502035
563.2,-8.07962860233E-06,3.85994022227E-05,2.14366317726E-07,-0.000008294,3.85994025465E-05,-38.6907561227,-180.065076123
566.4,-9.73125773896E-06,3.9082300301E-05,2.07657434677E-07,-9.93891517364E-06,3.90823006011E-05,-47.8620724036,-188.208951856
569.6,-1.05573351046E-05,3.82243986246E-05,2.00718656507E-07,-1.07580537611E-05,3.82243989113E-05,-53.5976772082,-190.441801357
572.8,-6.27424775843E-06,3.87484492707E-05,1.98628015199E-07,-6.47287577363E-06,3.87484495476E-05,-32.5879295886,-195.081965826
576,-5.54465670803E-06,3.87959282644E-05,1.90940021939E-07,-5.73559672997E-06,3.87959285201E-05,-30.0387350526,-203.185056656
579.2,-4.53612720104E-06,3.83037098881E-05,1.78429536803E-07,-4.71455673784E-06,3.83037101142E-05,-26.4225128996,-214.67223783
582.4,-1.36526963949E-05,3.84629094825E-05,1.72794059543E-07,-1.38254904545E-05,3.84629096936E-05,-80.0113759179,-222.601758264
585.6,-1.11717848006E-05,3.81563024303E-05,1.75683518607E-07,-1.13474683192E-05,3.81563026503E-05,-64.5903976034,-217.192943915
588.8,-9.22634371404E-06,3.80533976529E-05,1.75280140062E-07,-9.40162385411E-06,3.80533978726E-05,-53.6377016288,-217.104058069
592,-4.11285229002E-06,3.90407136146E-05,1.68349064253E-07,-4.28120135428E-06,3.90407138121E-05,-25.4305028263,-231.904119516
595.2,-6.02609754844E-06,3.81506550699E-05,1.66491036544E-07,-6.19258858498E-06,3.81506552676E-05,-37.1947265963,-229.147042883
598.4,-7.77215100711E-06,3.81577291041E-05,1.64299190168E-07,-7.93645019727E-06,3.81577292966E-05,-48.3048649792,-232.248121694
601.6,-9.49464704909E-06,3.82606590323E-05,1.60479662358E-07,-9.65512671145E-06,3.82606592154E-05,-60.1641763796,-238.418509919
604.8,-1.2010832051E-05,3.76584297938E-05,1.52602069687E-07,-1.21634341207E-05,3.7658429962E-05,-79.7068751793,-246.782358168
608,-1.61338186301E-05,3.80483239784E-05,1.54272186694E-07,-1.62880908168E-05,3.80483241485E-05,-105.580216148,-246.643426908
611.2,-1.18352698681E-05,3.76317564958E-05,1.55408649558E-07,-1.19906785177E-05,3.76317566704E-05,-77.1557989326,-242.153805662
614.4,-7.65659536751E-06,0.000038439,1.57599955247E-07,-7.81419532276E-06,0.000038439,-49.5824717115,-243.905169376
617.6,-1.33370526346E-05,3.81760753247E-05,0.000000157,-0.000013494,3.81760755002E-05,-85.9685508534,-243.222857451
620.8,-9.58159830445E-06,3.82753375856E-05,1.50270362387E-07,-9.73186866684E-06,3.82753377461E-05,-64.7623956729,-254.714304361
624,-8.93506500106E-06,3.83604334782E-05,1.49420559985E-07,-9.08448556105E-06,3.83604336366E-05,-60.7980960715,-256.731863709
627.2,-1.39564887547E-05,0.000038005,0.000000144,-1.4100495599E-05,0.000038005,-97.915454468,-263.920879801
630.4,-1.13510986823E-05,3.82133330528E-05,1.42918485979E-07,-0.000011494,3.82133331982E-05,-80.4235861411,-267.385099605
633.6,-1.07291343551E-05,3.82197366414E-05,1.52562541628E-07,-1.08816968967E-05,3.8219736807E-05,-71.3261379927,-250.524008985
636.8,-8.29191425975E-06,3.79981380955E-05,1.50562162732E-07,-8.44247642248E-06,3.79981382578E-05,-56.073028371,-252.378471466
640,-2.74020440352E-06,3.80772427722E-05,1.4086494643E-07,-2.88106934995E-06,3.8077242914E-05,-20.4527061059,-270.310699549
643.2,2.4508476326E-06,3.80643485104E-05,1.35523958828E-07,2.31532367378E-06,3.80643486417E-05,17.0842387855,280.868322322
646.4,4.86474093917E-06,3.83001945581E-05,1.30844720763E-07,4.73389621841E-06,3.83001946797E-05,36.1794972758,292.71608067
649.6,7.70088670318E-07,3.74560707765E-05,1.31365590582E-07,6.38723079736E-07,3.74560709018E-05,4.8621794863,285.128500535
652.8,-4.45061650473E-06,3.78756359171E-05,1.24489880208E-07,-4.57510638494E-06,3.78756360284E-05,-36.7508296841,-304.247913899
656,-2.08811782893E-06,3.79747101486E-05,1.21138687957E-07,-2.20925651689E-06,3.79747102537E-05,-18.2374149345,-313.481562793
659.2,-7.42275293106E-06,0.00003795,0.000000127,-7.54978352403E-06,0.00003795,-59.4327976251,-298.750407089
662.4,-1.22205073141E-05,3.78528465892E-05,1.23556696753E-07,-1.23440640108E-05,3.78528466989E-05,-99.9060701301,-306.369000405
665.6,-1.08039237432E-05,3.75181871485E-05,1.22638641081E-07,-1.09265623843E-05,3.75181872575E-05,-89.0955924495,-305.931739957
668.8,-1.48930978011E-05,3.76986475236E-05,1.20703583657E-07,-1.50138013847E-05,3.76986476288E-05,-124.385713579,-312.337653409
672,-0.000012392,0.000038085,1.19303293977E-07,-1.25113406515E-05,0.000038085,-104.870035306,-319.237767545
675.2,-0.000012234,3.73021444349E-05,1.15121848778E-07,-1.23490823728E-05,3.73021445316E-05,-107.269666913,-324.03281371
678.4,-1.61041594166E-05,3.7281764904E-05,1.12564149581E-07,-1.62167235662E-05,3.72817649964E-05,-144.066504537,-331.221653256
681.6,-2.09521953052E-05,3.73769053113E-05,1.15157985937E-07,-2.10673532912E-05,3.73769054079E-05,-182.943050973,-324.598724313
684.8,-2.03178405274E-05,3.72750953649E-05,1.08068899306E-07,-2.04259094267E-05,3.72750954501E-05,-189.008211963,-344.947901022
688,-1.57461420718E-05,3.76746951081E-05,1.06544051555E-07,-1.58526861233E-05,3.76746951901E-05,-148.789968956,-353.623774091
691.2,-0.000012246,3.71063235326E-05,1.05734329613E-07,-1.23517175292E-05,3.71063236145E-05,-116.818421929,-350.949801669
694.4,-1.76281155862E-05,0.000037402,1.06887619464E-07,-0.000017735,0.000037402,-165.921958919,-349.940607841
697.6,-1.5256099772E-05,3.73597104358E-05,1.05249171879E-07,-1.53613489438E-05,3.73597105165E-05,-145.952207221,-354.980736796
700.8,-1.69840507098E-05,3.74283060898E-05,1.01392809795E-07,-1.70854435196E-05,3.74283061645E-05,-168.507446969,-369.162544137
704,-1.69321303109E-05,3.70666719143E-05,1.02135356729E-07,-1.70342656676E-05,3.70666719908E-05,-166.781281361,-362.937992458
707.2,-1.66841489889E-05,3.69498151032E-05,1.01925168547E-07,-1.67860741575E-05,3.69498151796E-05,-164.690178066,-362.539400122
710.4,-9.20181149106E-06,3.72183026038E-05,1.04085465253E-07,-9.30589695632E-06,3.7218302683E-05,-89.4063059976,-357.580527836
713.6,-9.95225097371E-06,3.70069437785E-05,0.0000001,-1.00522988339E-05,3.70069438521E-05,-100.474900887,-369.899831267
716.8,-4.27326064483E-06,3.70456388363E-05,9.58774736737E-08,-4.36913811851E-06,3.70456389038E-05,-45.5700171385,-386.386683461
720,-4.62739436617E-06,3.77563194645E-05,9.04000463499E-08,-4.71779441252E-06,3.77563195234E-05,-52.1879645311,-417.659961499
723.2,-6.33660123391E-06,3.73952609066E-05,8.47357184059E-08,-6.42133695232E-06,3.73952609588E-05,-75.7807577858,-441.319925022
726.4,-5.46107447094E-06,3.75017003039E-05,0.000000083,-5.54411899663E-06,3.75017003539E-05,-66.76080031,-451.588144922
729.6,-0.00001169,3.67467686227E-05,8.6307984012E-08,-1.17762832408E-05,3.67467686779E-05,-136.444888334,-425.775154652
732.8,-8.29706699443E-06,3.71591050673E-05,9.22435096771E-08,-8.38931050411E-06,3.71591051295E-05,-90.9474339547,-402.842654868
736,-1.0281190694E-05,3.73311154334E-05,9.75381918893E-08,-1.03787288859E-05,3.73311155027E-05,-106.406820598,-382.741361781
739.2,-0.000008289,3.71755174624E-05,9.63433017106E-08,-8.38530356002E-06,3.71755175303E-05,-87.0356673597,-385.870437841
742.4,-8.04954047625E-06,3.714420894E-05,8.83754380276E-08,-8.13791591428E-06,3.71442089972E-05,-92.0834577559,-420.305628003
745.6,-0.000008848,3.66657643403E-05,8.82597126607E-08,-8.93624825609E-06,3.66657643981E-05,-101.249460107,-415.437074598
748.8,-1.38436344001E-05,3.7130849734E-05,8.8281770278E-08,-1.39319161704E-05,3.71308497911E-05,-157.811925685,-420.610864349
752,-0.00001476,3.76838995673E-05,8.2761994325E-08,-1.48427128267E-05,3.76838996167E-05,-179.342135816,-455.347773318
755.2,-1.4479844798E-05,3.72128326984E-05,7.94544805803E-08,-1.45592992786E-05,3.72128327446E-05,-183.240758384,-468.373613516
758.4,-1.52822898719E-05,3.73741330949E-05,8.12123423918E-08,-1.53635022143E-05,3.73741331429E-05,-189.176937419,-460.223777874
761.6,-1.52176651329E-05,3.78162635226E-05,8.28942315241E-08,-1.53005593644E-05,3.78162635721E-05,-184.579301636,-456.21929045
764.8,-0.000015393,3.75485603918E-05,0.000000078,-0.000015471,3.75485604359E-05,-198.401233335,-481.54802043
768,-0.000017829,3.86317840216E-05,7.55960994197E-08,-1.79046289894E-05,3.86317840618E-05,-236.845936852,-511.058659698
771.2,-1.46828236741E-05,3.77126153033E-05,7.60964370102E-08,-1.47589201111E-05,3.7712615345E-05,-193.95021227,-495.610411479
774.4,-1.49819281901E-05,3.86208694696E-05,7.04668336553E-08,-1.50523950238E-05,3.86208695046E-05,-213.609640776,-548.094235062
777.6,-1.84278788821E-05,3.91855447689E-05,7.04385694033E-08,-1.84983174515E-05,3.91855448033E-05,-262.616313878,-556.341794577
780.8,-1.74424958403E-05,3.94964104955E-05,7.13250503532E-08,-1.75138208906E-05,3.94964105306E-05,-245.549365951,-553.781915138
784,-1.69760812259E-05,4.06019436525E-05,6.88476086753E-08,-1.70449288345E-05,4.06019436843E-05,-247.574740249,-589.764711427
787.2,-1.84112669849E-05,3.99441927764E-05,6.63439365858E-08,-1.84776109215E-05,3.99441928063E-05,-278.512428903,-602.112564366
790.4,-2.05892403995E-05,4.11624540579E-05,6.45642502362E-08,-2.06538046498E-05,4.11624540854E-05,-319.895368942,-637.586169203
793.6,-1.86748823536E-05,4.1247924427E-05,6.18969868409E-08,-1.87367793404E-05,4.12479244523E-05,-302.709070291,-666.433725737
796.8,-2.48866674125E-05,4.23111830502E-05,6.44483062312E-08,-2.49511157187E-05,4.23111830769E-05,-387.149285649,-656.575599076
800,-2.73626779649E-05,4.2991223153E-05,6.73172970647E-08,-0.00002743,4.29912231817E-05,-407.473212058,-638.706327173
803.2,-2.61658364238E-05,4.35018290212E-05,6.07391428217E-08,-2.62265755666E-05,4.35018290443E-05,-431.790347183,-716.278297886
806.4,-2.63003529881E-05,4.51861482415E-05,6.00813310008E-08,-2.63604343191E-05,4.51861482632E-05,-438.745844674,-752.152630035
809.6,-2.17736748418E-05,0.000044862,6.00765433095E-08,-2.18337513851E-05,0.000044862,-363.432218005,-746.794969388
812.8,-1.60923051047E-05,4.66898769146E-05,6.12117870128E-08,-1.61535168917E-05,4.66898769365E-05,-263.895528623,-762.784414691
816,-1.67608605623E-05,0.000048707,6.077472689E-08,-1.68216352892E-05,0.000048707,-276.78668667,-801.460659413
819.2,-1.7136631291E-05,0.000050098,5.7838158894E-08,-1.71944694499E-05,0.000050098,-297.285905684,-866.203165533
822.4,-2.38044577342E-05,5.04914268353E-05,5.91233779006E-08,-2.38635811121E-05,5.04914268542E-05,-403.623438976,-854.052939805
825.6,-0.000022163,4.91602595376E-05,5.98566598415E-08,-2.22228896278E-05,4.91602595575E-05,-371.268455117,-821.345398208
828.8,-2.21120747765E-05,5.5028909399E-05,5.97599775058E-08,-2.2171834754E-05,5.50289094166E-05,-371.014777438,-920.872825948
832,-2.06782717787E-05,5.36175576034E-05,5.75695265611E-08,-2.07358413052E-05,5.36175576202E-05,-360.187803234,-931.391000663
835.2,-2.4607411759E-05,5.75922323046E-05,5.5807461923E-08,-2.46632192209E-05,5.75922323194E-05,-441.934077829,-1032.03233446
838.4,-2.06672396097E-05,5.9240056036E-05,5.31456446548E-08,-2.07203852543E-05,5.9240056049E-05,-389.879272119,-1114.71086293
841.6,-1.94950601492E-05,5.77474714524E-05,5.77748108283E-08,-1.955283496E-05,5.77474714682E-05,-338.431830061,-999.557964362
844.8,-2.21626086875E-05,5.91473346393E-05,0.000000057,-2.22195925004E-05,5.91473346542E-05,-389.928145528,-1038.00714836
848,-1.40572004102E-05,5.96572104658E-05,5.86290290072E-08,-1.41158294392E-05,5.96572104815E-05,-240.765192231,-1017.55256781
851.2,-0.000024099,6.89125030812E-05,5.90999195526E-08,-2.4158112761E-05,6.8912503095E-05,-408.767269801,-1166.07276724
854.4,-0.000020851,7.47333983173E-05,5.66526952423E-08,-2.09076392955E-05,7.4733398329E-05,-369.049331299,-1319.17800315
857.6,-2.55962793031E-05,6.87360545166E-05,5.9182053535E-08,-2.56554613567E-05,6.87360545304E-05,-433.5006953,-1161.47810264
860.8,-2.42963174975E-05,8.13332274753E-05,5.44250469779E-08,-2.43507425444E-05,8.13332274852E-05,-447.417942594,-1494.44447188
864,-1.65028404063E-05,7.41521476264E-05,5.12817735238E-08,-1.65541221798E-05,7.4152147636E-05,-322.807130922,-1445.99431346
867.2,-1.90067012619E-05,7.66037424377E-05,5.0739132573E-08,-1.90574403944E-05,7.66037424468E-05,-375.596495801,-1509.78205983
870.4,-0.000021075,7.72567559519E-05,5.17792774817E-08,-2.11267759574E-05,7.72567559614E-05,-408.016043963,-1492.07040419
873.6,-2.4815541297E-05,7.97815832089E-05,4.86806399339E-08,-2.48642219369E-05,7.97815832169E-05,-510.762018961,-1638.92034195
876.8,-2.02573226857E-05,8.97449461469E-05,4.45548233932E-08,-2.03018775091E-05,8.9744946153E-05,-455.660598851,-2014.28686234
880,-1.33130647907E-05,0.0001259427,4.88159685502E-08,-1.33618807593E-05,0.0001259427,-273.719464267,-2579.95736451
883.2,-8.21281062935E-06,0.000099444,4.27604892131E-08,-8.25557111856E-06,0.000099444,-193.065403846,-2325.60805961
886.4,-0.000009265,0.0001082818,3.91917578403E-08,-9.30422285063E-06,0.0001082818,-237.402539803,-2762.87851348
889.6,-2.09363098099E-05,0.0001221352,4.02973697687E-08,-2.09766071797E-05,0.0001221352,-520.545318469,-3030.87266834
892.8,-2.08116276019E-05,0.0001169421,3.97603419704E-08,-2.08513879438E-05,0.0001169421,-524.426775789,-2941.20007714
896,-0.000018524,0.000114077,4.06335109586E-08,-1.85645992117E-05,0.000114077,-456.879033432,-2807.48188255
899.2,-0.000018104,0.0001168634,4.13992201779E-08,-1.81454077401E-05,0.0001168634,-438.303128952,-2822.85825301
902.4,-1.80395820289E-05,0.0001377546,4.32386666753E-08,-1.80828206956E-05,0.0001377546,-418.209489006,-3185.9262626
905.6,-1.73044331034E-05,0.0001424989,0.000000042,-1.73464809398E-05,0.0001424989,-412.541582169,-3388.98584963
908.8,-2.56734827433E-05,0.0001311473,4.64856175331E-08,-0.00002572,0.0001311473,-553.288731564,-2821.27387558
912,-1.97306486805E-05,0.0001426313,4.31611315678E-08,-1.97738098121E-05,0.0001426313,-458.139281659,-3304.64117891
915.2,-1.0227164593E-05,0.00012347,4.04514334102E-08,-1.02676160264E-05,0.00012347,-253.825764893,-3052.30745664
918.4,-1.65787873269E-05,0.0001306849,3.68120877011E-08,-1.66155994146E-05,0.0001306849,-451.362594525,-3550.06945179
921.6,2.98503306964E-07,0.0001308939,3.77477506839E-08,2.6075555628E-07,0.0001308939,6.9078435551,3467.59549111
924.8,-0.000014883,0.0001434478,4.10680978896E-08,-1.49240516175E-05,0.0001434478,-363.397682979,-3492.93481666
928,-1.32800918869E-05,0.0001553705,0.000000034,-1.33141390258E-05,0.0001553705,-391.050156641,-4563.40368202
931.2,-1.09665119689E-05,0.0001373087,3.85687474725E-08,-1.10050807164E-05,0.0001373087,-285.33674121,-3560.10914557
934.4,-1.057505717E-05,0.0001439644,3.25936109919E-08,-1.0607650781E-05,0.0001439644,-325.451843419,-4416.95749893
937.6,-3.42425965619E-05,0.0001453654,3.92010151155E-08,-3.42817975771E-05,0.0001453654,-874.513006259,-3708.26068443
940.8,-3.30054352768E-05,0.0001309513,3.85886244872E-08,-0.000033044,0.0001309513,-856.315153505,-3393.5800278
944,-2.12068972809E-05,0.0001436267,4.12664952927E-08,-2.12481637762E-05,0.0001436267,-514.901098954,-3480.48748507
947.2,-2.49247972356E-05,0.0001775302,4.57317964566E-08,-2.4970529032E-05,0.0001775302,-546.021170538,-3882.00662241
950.4,-2.4871847212E-05,0.0001564341,4.41670080849E-08,-0.000024916,0.0001564341,-564.131810155,-3541.90104036
953.6,-2.41052526046E-05,0.0001885203,4.3057959494E-08,-2.41483105641E-05,0.0001885203,-560.832674096,-4378.31164109
956.8,-2.6060236703E-05,0.000144531,4.13308020225E-08,-2.61015675051E-05,0.000144531,-631.528212078,-3496.96354198
960,-1.04519415097E-05,0.0001311348,3.88736112211E-08,-1.0490815121E-05,0.0001311348,-269.869836927,-3373.36838068
963.2,-0.000006254,0.0001262847,3.64335733369E-08,-6.2904799195E-06,0.0001262847,-172.656133982,-3466.16490875
966.4,-0.000010734,0.000114098,3.16002471553E-08,-1.07655556921E-05,0.000114098,-340.679477575,-3610.67636813
969.6,-0.00000725,0.0001371364,3.35319109815E-08,-7.28349008688E-06,0.0001371364,-217.210706867,-4089.73151567
972.8,-1.14152738042E-05,0.0002977528,3.11024598189E-08,-1.14463762641E-05,0.0002977528,-368.021575487,-9573.29090898
976,-1.62677020067E-05,0.0001300205,0.000000028,-1.62956869071E-05,0.0001300205,-582.302836279,-4646.11501563
979.2,-1.56195057805E-05,0.00010748,3.08932366124E-08,-1.56503990171E-05,0.00010748,-506.596288807,-3479.09735087
982.4,-1.06863771508E-05,0.0001132936,3.32535463543E-08,-1.07196306971E-05,0.0001132936,-322.36052609,-3406.97243687
985.6,-1.22363720033E-05,9.46362974408E-05,3.14808979039E-08,-1.22678529012E-05,9.46362974436E-05,-389.691962999,-3006.16362082
988.8,-1.3333676898E-05,0.0001380989,2.63619158992E-08,-0.00001336,0.0001380989,-506.793165756,-5238.5877521
992,-3.0077987218E-06,0.000097762,2.42808430171E-08,-3.03207956481E-06,0.000097762,-124.875382732,-4026.30235053
995.2,-0.000003401,0.0001026657,2.17639004976E-08,-3.4227176681E-06,0.0001026657,-157.265820457,-4717.25012682
998.4,-6.17118394106E-06,0.0001309894,2.70692179822E-08,-6.19825315904E-06,0.0001309894,-228.977917393,-4839.05841622
1001.6,-3.88963320527E-06,0.0001076104,2.89412492266E-08,-3.9185744545E-06,0.0001076104,-135.397557438,-3718.23804131
1004.8,6.87548500854E-07,9.83752802305E-05,0.000000021,6.66592354105E-07,9.83752802317E-05,31.8089180277,4694.34016856
1008,-5.86021024282E-06,8.44699391724E-05,2.37870762428E-08,-0.000005884,8.44699391742E-05,-247.361098901,-3551.09008784
1011.2,7.23614658728E-06,0.0001108123,3.34225309519E-08,7.20272405633E-06,0.0001108123,215.505045584,3315.50074453
1014.4,2.08051078027E-06,0.0001100061,3.35757308683E-08,2.0469350494E-06,0.0001100061,60.9647205427,3276.35769164
1017.6,-5.54919246285E-06,0.0001253077,3.13310970167E-08,-5.58052355986E-06,0.0001253077,-178.114528096,-3999.46871757
1020.8,1.67309903467E-07,0.0001091998,2.95452980792E-08,1.37764605388E-07,0.0001091998,4.6628267218,3696.0119954
1024,-3.82720493363E-06,8.71545087776E-05,3.23403014504E-08,-3.85954523508E-06,8.71545087809E-05,-119.34165923,-2694.92093036
1027.2,0.000014151,9.88404965233E-05,3.36101908912E-08,1.41173954545E-05,9.88404965264E-05,420.033182797,2940.8058209
1030.4,1.03168395916E-05,9.20551300269E-05,0.000000027,1.02898529794E-05,9.2055130029E-05,381.294729134,3411.15225219
1033.6,1.40892987836E-05,0.0001278826,0.000000033,1.40563285349E-05,0.0001278826,426.333712564,3878.74129238
1036.8,6.58377971167E-06,0.0001103088,3.68214554337E-08,0.000006547,0.0001103088,177.802810321,2995.7788949
1040,3.28864322857E-06,9.97094413473E-05,2.97687827087E-08,3.25887444586E-06,9.97094413497E-05,109.472882306,3349.46414499
1043.2,3.33755726084E-06,8.18213459365E-05,2.628299586E-08,3.31127426498E-06,8.18213459388E-05,125.985419723,3113.09193314
1046.4,9.58406208783E-06,8.41594605492E-05,2.18578244954E-08,9.56220426334E-06,8.41594605508E-05,437.472826509,3850.32628027
1049.6,1.51900541208E-05,0.0001588975,2.12213182765E-08,1.51688328025E-05,0.0001588975,714.792201167,7487.65290334
1052.8,8.06708445836E-06,7.88470549403E-05,2.45851126744E-08,8.04249934568E-06,7.88470549424E-05,327.128838179,3207.11477442
1056,5.90207307356E-06,0.0001172688,2.86511154515E-08,5.87342195811E-06,0.0001172688,204.99802069,4092.99553276
1059.2,0.000010742,9.67006231121E-05,2.43154550156E-08,1.07177099772E-05,9.67006231138E-05,440.777685236,3976.93344315
1062.4,3.41319207174E-06,7.36180999375E-05,0.000000022,3.39119014444E-06,7.36180999393E-05,154.13150395,3345.98607798
1065.6,-6.95191271884E-07,0.0001084529,2.46144808745E-08,-7.19805752759E-07,0.0001084529,-29.2431823538,-4406.05937295
1068.8,5.34439309808E-06,7.76108583613E-05,2.45056593394E-08,5.31988743874E-06,7.76108583634E-05,217.088116874,3167.06261522
1072,-1.52806916563E-06,0.0001039878,2.82476149558E-08,-1.55631678058E-06,0.0001039878,-55.0955110023,-3681.29449957
1075.2,6.9974868362E-06,0.0001007088,2.7116920848E-08,6.97036991536E-06,0.0001007088,257.048724463,3713.87685912
1078.4,9.7341050229E-06,8.6924165389E-05,2.2439515602E-08,9.7116655073E-06,8.69241653905E-05,432.793010311,3873.72268104
1081.6,3.59965601249E-06,9.82377657847E-05,2.7090215498E-08,3.57256579699E-06,9.82377657868E-05,131.876610478,3626.32040099
1084.8,0.000003346,0.0001209207,2.97710701712E-08,3.31626756716E-06,0.0001209207,111.392286139,4061.68493754
1088,5.14282172867E-06,0.00014243,3.04415102204E-08,5.11238021845E-06,0.00014243,167.941083785,4678.81010171
1091.2,-5.73210706289E-06,0.0001228914,3.44971009543E-08,-5.76660416384E-06,0.0001228914,-167.161993452,-3562.37076292
1094.4,5.69833391455E-06,7.87237066518E-05,2.74707648994E-08,5.67086314965E-06,7.87237066544E-05,206.432662885,2865.73082553
1097.6,-5.54066300498E-07,0.0001304813,3.17284588381E-08,-5.85794759336E-07,0.0001304813,-18.4627549143,-4112.43896474
1100.8,-5.43453478628E-06,9.1229889915E-05,3.52143914582E-08,-5.46974917774E-06,9.12298899187E-05,-155.32709643,-2590.70156679
1104,-2.07139709173E-07,0.0001097137,0.000000031,-2.38105472448E-07,0.0001097137,-7.6893138507,-3543.06432912
1107.2,1.5034556008E-05,0.000077237,2.67818459524E-08,1.5007774162E-05,0.000077237,560.37116294,2883.95923294
1110.4,0.000016147,0.0001072281,2.93317332498E-08,1.61176926722E-05,0.0001072281,549.496769759,3655.72643859
1113.6,1.4459346083E-06,0.0001274688,3.37903266816E-08,1.41214428162E-06,0.0001274688,41.7913770093,3772.34512917
1116.8,-2.51082309264E-06,0.0001232635,3.04795045337E-08,-2.54130259717E-06,0.0001232635,-83.3774247992,-4044.14379828
1120,3.65736741692E-06,8.8522811339E-05,2.87711221538E-08,3.62859629477E-06,8.85228113416E-05,126.119387189,3076.79524377
1123.2,-5.91394825317E-06,9.3202122152E-05,2.64662529259E-08,-5.94041450609E-06,9.3202122154E-05,-224.452419567,-3521.54970356
1126.4,2.37675250179E-06,0.0004516462,3.17782485669E-08,0.000002345,0.0004516462,73.7918028516,14212.4306546
1129.6,-4.20655016469E-06,0.0001581801,3.53445682731E-08,-4.24189473297E-06,0.0001581801,-120.015463202,-4475.37292726
1132.8,-1.42409628752E-06,0.0001032383,2.98671729785E-08,-0.000001454,0.0001032383,-48.6809870337,-3456.58057089
1136,-3.44567564714E-06,0.0001290429,2.64071654687E-08,-3.47208281261E-06,0.0001290429,-131.482601445,-4886.66425998
1139.2,-3.85182255436E-06,0.0001197231,2.81959698633E-08,-0.00000388,0.0001197231,-137.608975433,-4246.10716931
1142.4,-1.41737417582E-05,0.0001934743,3.37583733457E-08,-1.42075001315E-05,0.0001934743,-420.858552219,-5731.15915995
1145.6,-1.38999235942E-05,0.0001309453,3.12610593732E-08,-1.39311846536E-05,0.0001309453,-445.640196875,-4188.78039541
1148.8,-9.94693848693E-06,0.0003285591,3.89421588061E-08,-9.98588064574E-06,0.0003285591,-256.428532775,-8437.10816336
1152,-1.77046003453E-05,0.0001887841,0.00000004,-1.77446130925E-05,0.0001887841,-443.474000496,-4718.11120601
1155.2,-9.00136974967E-06,0.0001036769,4.32972890944E-08,-9.04466703877E-06,0.0001036769,-208.896843843,-2394.53954745
1158.4,-3.46931838933E-06,0.0001399364,3.92492624786E-08,-3.50856765181E-06,0.0001399364,-89.3919383511,-3565.32580329
1161.6,-8.35086258076E-06,0.0001303588,3.19070749899E-08,-8.38276965575E-06,0.0001303588,-262.724479082,-4085.58053845
1164.8,-0.000001455,0.0001291069,2.53653830514E-08,-1.48037518947E-06,0.0001291069,-58.3620277473,-5089.88591058
1168,-5.86941051726E-06,9.7405102491E-05,2.86077785178E-08,-0.000005898,9.74051024933E-05,-206.168343065,-3404.85017313
1171.2,-4.65141233313E-06,0.0001139242,1.98441627793E-08,-4.67125649591E-06,0.0001139242,-235.397005551,-5740.94403703
1174.4,2.97839134294E-06,0.0001084719,1.86223646015E-08,2.95976897834E-06,0.0001084719,158.936259797,5824.82065
1177.6,0.000005498,9.22042388946E-05,0.000000031,0.000005467,9.22042388974E-05,176.48840143,2976.56109668
1180.8,-5.0505812083E-06,9.70508322272E-05,3.17532230716E-08,-5.08233443137E-06,9.705083223E-05,-160.057277332,-3056.41113685
1184,-8.76441166357E-06,9.50265174416E-05,2.35133869795E-08,-8.78792505055E-06,9.50265174431E-05,-373.741352456,-4041.38878808
1187.2,-1.35881208807E-05,9.83224873245E-05,2.04306966262E-08,-1.36085515774E-05,9.83224873256E-05,-666.083581306,-4812.51332107
1190.4,-1.0248644313E-05,0.0001262809,0.000000015,-1.02636905883E-05,0.0001262809,-682.141618569,-8392.84696711
1193.6,-5.48682188841E-06,0.0001335534,9.3140786449E-09,-5.49613596705E-06,0.0001335534,-590.089065875,-14338.8772083
1196.8,-5.17324691123E-06,0.0001521229,0.000000015,-5.1882884297E-06,0.0001521229,-344.931160966,-10113.536963
1200,4.67533516935E-06,0.0001282549,1.49039721776E-08,4.66043119717E-06,0.0001282549,312.69725558,8605.42007334
1203.2,4.04852802145E-06,0.0001150605,1.4173337779E-08,4.03435468367E-06,0.0001150605,284.643938258,8118.0949105
1206.4,6.35509746819E-06,0.0009109675,2.9191439892E-08,6.3259060283E-06,0.0009109675,216.704145177,31206.6667438
1209.6,2.3142620271E-06,0.0002059132,2.65880378196E-08,2.28767398928E-06,0.0002059132,86.0414749221,7744.57955487
1212.8,-1.03769466209E-05,0.0001102239,2.67809319412E-08,-1.04037275528E-05,0.0001102239,-388.475187333,-4115.76898427
1216,-1.51094276711E-05,0.0004371,2.82855161019E-08,-1.51377131872E-05,0.0004371,-535.175428041,-15453.1431804
1219.2,-3.67567148039E-06,8.29364071153E-05,2.16241281307E-08,-3.69729560852E-06,8.29364071169E-05,-170.980100848,-3835.36628394
1222.4,5.81855860343E-06,5.48943054125E-05,1.43946867661E-08,5.80416391666E-06,5.48943054135E-05,403.215715006,3813.52322839
1225.6,9.63915354717E-07,2.06061138747E-05,2.64335048925E-08,9.37481849825E-07,2.06061138839E-05,35.4656657768,779.545715541
1228.8,0,0,2.48170726256E-08,-2.48170726256E-08,5.78845452972E-10,-1,-0.0329858039
1232,0,0,2.01081462189E-08,-2.01081462189E-08,4.6901216683E-10,-1,-0.0329858039
1235.2,0,0,1.7084995555E-08,-1.7084995555E-08,3.98498732716E-10,-1,-0.0329858039
1238.4,0,0,1.13479281692E-08,-1.13479281692E-08,2.64684587119E-10,-1,-0.0329858039
1241.6,0,0,0.000000014,-0.000000014,3.27606698676E-10,-1,-0.0329858039
1244.8,0,0,1.38836028121E-08,-1.38836028121E-08,3.238278938E-10,-1,-0.0329858039
1248,0,0,-3.12706834246E-09,3.12706834246E-09,7.29372605089E-11,-1,-0.0329858039
1251.2,0,0,-1.23281967151E-09,1.23281967151E-09,2.87548846697E-11,-1,-0.0329858039
1254.4,0,0,7.71167973492E-09,-7.71167973492E-09,1.79870962892E-10,-1,-0.0329858039
1257.6,0,0,-7.63345645601E-10,7.63345645601E-10,1.7804644515E-11,-1,-0.0329858039
1260.8,0,0,1.13262265783E-08,-1.13262265783E-08,2.64178408674E-10,-1,-0.0329858039
1264,0,0,1.08431127687E-08,-1.08431127687E-08,2.52910027581E-10,-1,-0.0329858039
1267.2,0,0,8.71303861348E-09,-8.71303861348E-09,2.03227143631E-10,-1,-0.0329858039
1270.4,0,0,1.45121111809E-08,-1.45121111809E-08,3.38487528194E-10,-1,-0.0329858039
1273.6,0,0,2.41728158982E-08,-2.41728158982E-08,5.63818496213E-10,-1,-0.0329858039
1276.8,0,0,1.66997388358E-08,-1.66997388358E-08,3.89512817919E-10,-1,-0.0329858039
1280,0,0,3.77486378491E-09,-3.77486378491E-09,8.8046755975E-11,-1,-0.0329858039
1283.2,0,0,-2.47992476863E-09,2.47992476863E-09,5.78429695431E-11,-1,-0.0329858039
1286.4,0,0,1.92734011259E-08,-1.92734011259E-08,4.49542166932E-10,-1,-0.0329858039
1289.6,0,0,3.18084947994E-08,-3.18084947994E-08,7.41916778754E-10,-1,-0.0329858039
1292.8,0,0,3.35164906805E-08,-3.35164906805E-08,7.81754904081E-10,-1,-0.0329858039
1296,0,0,3.53486579523E-08,-3.53486579523E-08,8.2448926322E-10,-1,-0.0329858039
1299.2,0,0,1.13632896356E-08,-1.13632896356E-08,2.65042885421E-10,-1,-0.0329858039
1302.4,0,0,1.09056295838E-08,-1.09056295838E-08,2.54368200135E-10,-1,-0.0329858039
1305.6,0,0,1.98176162008E-08,-1.98176162008E-08,4.62235703608E-10,-1,-0.0329858039
1308.8,0,0,2.91633187159E-08,-2.91633187159E-08,6.80219407299E-10,-1,-0.0329858039
1312,0,0,8.92507567715E-09,-8.92507567715E-09,2.08172799068E-10,-1,-0.0329858039
1315.2,0,0,9.43667574366E-09,-9.43667574366E-09,2.2010560745E-10,-1,-0.0329858039
1318.4,0,0,4.12558652036E-09,-4.12558652036E-09,9.6227183366E-11,-1,-0.0329858039
1321.6,0,0,-7.209654362E-09,7.209654362E-09,1.68161479313E-10,-1,-0.0329858039
1324.8,0,0,-1.57395806195E-08,1.57395806195E-08,3.67117621434E-10,-1,-0.0329858039
1328,0,0,-1.31475945377E-08,1.31475945377E-08,3.06660879408E-10,-1,-0.0329858039
1331.2,0,0,-9.19724350472E-09,9.19724350472E-09,2.14520973642E-10,-1,-0.0329858039
1334.4,0,0,3.52546274779E-09,-3.52546274779E-09,8.22296050773E-11,-1,-0.0329858039
1337.6,0,0,-0.000000012,0.000000012,2.804047153E-10,-1,-0.0329858039
1340.8,0,0,2.19124778476E-09,-2.19124778476E-09,5.11097273912E-11,-1,-0.0329858039
1344,0,0,-1.87611957121E-08,1.87611957121E-08,4.37595239136E-10,-1,-0.0329858039
1347.2,0,0,-9.50464887952E-09,9.50464887952E-09,2.21691045878E-10,-1,-0.0329858039
1350.4,0,0,2.14360306815E-08,-2.14360306815E-08,4.99984388849E-10,-1,-0.0329858039
1353.6,0,0,1.62817838023E-08,-1.62817838023E-08,3.79764231762E-10,-1,-0.0329858039
1356.8,0,0,3.38556748633E-08,-3.38556748633E-08,7.89666200667E-10,-1,-0.0329858039
1360,0,0,2.5274538431E-08,-2.5274538431E-08,5.8951560756E-10,-1,-0.0329858039
1363.2,0,0,6.90285777777E-09,-6.90285777777E-09,1.61005606804E-10,-1,-0.0329858039
1366.4,0,0,6.14824739957E-09,-6.14824739957E-09,1.43404707907E-10,-1,-0.0329858039
1369.6,0,0,-0.000000002,0.000000002,4.7255817621E-11,-1,-0.0329858039
1372.8,0,0,3.4594156547E-09,-3.4594156547E-09,8.06890906059E-11,-1,-0.0329858039
1376,0,0,-2.49249278965E-09,2.49249278965E-09,5.81361121684E-11,-1,-0.0329858039
1379.2,0,0,-2.00741164118E-08,2.00741164118E-08,4.68218439085E-10,-1,-0.0329858039
1382.4,0,0,-9.62369560933E-09,9.62369560933E-09,2.24467749613E-10,-1,-0.0329858039
1385.6,0,0,1.209163403E-08,-1.209163403E-08,2.82031143755E-10,-1,-0.0329858039
1388.8,0,0,1.16831092315E-08,-1.16831092315E-08,2.72502512977E-10,-1,-0.0329858039
1392,0,0,-2.08668944272E-08,2.08668944272E-08,4.86709578484E-10,-1,-0.0329858039
1395.2,0,0,-0.000000004,0.000000004,9.36001379841E-11,-1,-0.0329858039
1398.4,0,0,1.61460513074E-08,-1.61460513074E-08,3.76598341139E-10,-1,-0.0329858039
1401.6,0,0,-3.70775419987E-09,3.70775419987E-09,8.64814594256E-11,-1,-0.0329858039
1404.8,0,0,5.67641066373E-08,-5.67641066373E-08,1.32399358759E-09,-1,-0.0329858039
1408,0,0,6.29478986933E-08,-6.29478986933E-08,1.46822735632E-09,-1,-0.0329858039
1411.2,0,0,3.83708738251E-08,-3.83708738251E-08,8.94980893811E-10,-1,-0.0329858039
1414.4,0,0,2.20882720458E-09,-2.20882720458E-09,5.15197583156E-11,-1,-0.0329858039
1417.6,0,0,0,0,0,nan,nan
1420.8,0,0,0,0,0,nan,nan
1424,0,0,0,0,0,nan,nan
1427.2,0,0,0,0,0,nan,nan
1430.4,0,0,0,0,0,nan,nan
1433.6,0,0,0,0,0,nan,nan
1436.8,0,0,0,0,0,nan,nan
1440,0,0,0,0,0,nan,nan
1443.2,0,0,0,0,0,nan,nan
1446.4,0,0,0,0,0,nan,nan
1449.6,0,0,0,0,0,nan,nan
1452.8,0,0,0,0,0,nan,nan
1456,0,0,0,0,0,nan,nan
1459.2,0,0,0,0,0,nan,nan
1462.4,0,0,0,0,0,nan,nan
1465.6,0,0,0,0,0,nan,nan
1468.8,0,0,0,0,0,nan,nan
1472,0,0,0,0,0,nan,nan
1475.2,0,0,0,0,0,nan,nan
1478.4,0,0,0,0,0,nan,nan
1481.6,0,0,0,0,0,nan,nan
1484.8,0,0,0,0,0,nan,nan
1488,0,0,0,0,0,nan,nan
1491.2,0,0,0,0,0,nan,nan
1494.4,0,0,0,0,0,nan,nan
1497.6,0,0,0,0,0,nan,nan
1500.8,0,0,0,0,0,nan,nan
1504,0,0,0,0,0,nan,nan
1507.2,0,0,0,0,0,nan,nan
1510.4,0,0,0,0,0,nan,nan
1513.6,0,0,0,0,0,nan,nan
1516.8,0,0,0,0,0,nan,nan
1520,0,0,0,0,0,nan,nan
1523.2,0,0,0,0,0,nan,nan
1526.4,0,0,0,0,0,nan,nan
1529.6,0,0,0,0,0,nan,nan
1532.8,0,0,0,0,0,nan,nan
1536,0,0,0,0,0,nan,nan
1539.2,0,0,0,0,0,nan,nan
1542.4,0,0,0,0,0,nan,nan
1545.6,0,0,0,0,0,nan,nan
1548.8,0,0,0,0,0,nan,nan
1552,0,0,0,0,0,nan,nan
1555.2,0,0,0,0,0,nan,nan
1558.4,0,0,0,0,0,nan,nan
1561.6,0,0,0,0,0,nan,nan
1564.8,0,0,0,0,0,nan,nan
1568,0,0,0,0,0,nan,nan
1571.2,0,0,0,0,0,nan,nan
1574.4,0,0,0,0,0,nan,nan
1577.6,0,0,0,0,0,nan,nan
1580.8,0,0,0,0,0,nan,nan
1584,0,0,0,0,0,nan,nan
1587.2,0,0,0,0,0,nan,nan
1590.4,0,0,0,0,0,nan,nan
1593.6,0,0,0,0,0,nan,nan
1596.8,0,0,0,0,0,nan,nan
1600,0,0,0,0,0,nan,nan
1603.2,0,0,0,0,0,nan,nan
1606.4,0,0,0,0,0,nan,nan
1609.6,0,0,0,0,0,nan,nan
1612.8,0,0,0,0,0,nan,nan
1616,0,0,0,0,0,nan,nan
1619.2,0,0,0,0,0,nan,nan
1622.4,0,0,0,0,0,nan,nan
1625.6,0,0,0,0,0,nan,nan
1628.8,0,0,0,0,0,nan,nan
