Source,Wavelength,Obs_ID,UT_Date,MJD,Obs_Time
IRC+10216,850,scuba2_00074_20091205T130936,20091205,55170.5487149,2009-12-05T13:10:08.971
IRC+10216,850,scuba2_00087_20091208T145301,20091208,55173.6205784,2009-12-08T14:53:37.971
IRC+10216,850,scuba2_00056_20091214T152553,20091214,55179.6432404,2009-12-14T15:26:15.971
IRC+10216,850,scuba2_00069_20100110T123728,20100110,55206.5263191,2010-01-10T12:37:53.971
IRC+10216,850,scuba2_00096_20100110T152956,20100110,55206.6460529,2010-01-10T15:30:18.970
IRC+10216,850,scuba2_00058_20100217T114620,20100217,55244.490914,2010-02-17T11:46:54.970
IRC+10216,850,scuba2_00055_20100218T091923,20100218,55245.3888422,2010-02-18T09:19:55.968
IRC+10216,850,scuba2_00068_20100219T110949,20100219,55246.4655321,2010-02-19T11:10:21.974
IRC+10216,850,scuba2_00077_20100219T123615,20100219,55246.5255436,2010-02-19T12:36:46.969
IRC+10216,850,scuba2_00079_20100219T124215,20100219,55246.5297219,2010-02-19T12:42:47.968
IRC+10216,850,scuba2_00089_20100219T141356,20100219,55246.5934371,2010-02-19T14:14:32.968
IRC+10216,850,scuba2_00037_20100221T082859,20100221,55248.3538425,2010-02-21T08:29:31.988
IRC+10216,850,scuba2_00067_20100221T125021,20100221,55248.535343,2010-02-21T12:50:53.631
IRC+10216,850,scuba2_00038_20100222T074305,20100222,55249.3219668,2010-02-22T07:43:37.935
IRC+10216,850,scuba2_00045_20100222T085950,20100222,55249.3752717,2010-02-22T09:00:23.474
IRC+10216,850,scuba2_00051_20100222T101355,20100222,55249.426699,2010-02-22T10:14:26.797
IRC+10216,850,scuba2_00080_20100223T120045,20100223,55250.5006595,2010-02-23T12:00:56.981
IRC+10216,850,scuba2_00068_20100224T111725,20100224,55251.4705725,2010-02-24T11:17:37.467
IRC+10216,850,scuba2_00058_20100225T102732,20100225,55252.4359254,2010-02-25T10:27:43.957
IRC+10216,850,scuba2_00059_20100225T103039,20100225,55252.438102,2010-02-25T10:30:52.016
IRC+10216,850,scuba2_00072_20100225T114956,20100225,55252.4931434,2010-02-25T11:50:07.586
IRC+10216,850,scuba2_00088_20100225T131507,20100225,55252.5523029,2010-02-25T13:15:18.973
IRC+10216,850,scuba2_00046_20100226T092107,20100226,55253.3898021,2010-02-26T09:21:18.904
IRC+10216,850,scuba2_00060_20100226T105013,20100226,55253.4516779,2010-02-26T10:50:24.974
IRC+10216,850,scuba2_00067_20100226T115018,20100226,55253.4934124,2010-02-26T11:50:30.833
IRC+10216,850,scuba2_00073_20100226T124026,20100226,55253.5282113,2010-02-26T12:40:37.453
IRC+10216,850,scuba2_00082_20100226T132213,20100226,55253.5572333,2010-02-26T13:22:24.959
IRC+10216,850,scuba2_00054_20100227T103240,20100227,55254.4394887,2010-02-27T10:32:51.825
IRC+10216,850,scuba2_00034_20100301T080013,20100301,55256.333625,2010-03-01T08:00:25.199
IRC+10216,850,scuba2_00052_20100301T104011,20100301,55256.4447099,2010-03-01T10:40:22.933
IRC+10216,850,scuba2_00051_20100302T104428,20100302,55257.4476903,2010-03-02T10:44:40.445
IRC+10216,850,scuba2_00059_20100302T121438,20100302,55257.5102914,2010-03-02T12:14:49.176
IRC+10216,850,scuba2_00079_20100303T131433,20100303,55258.5522316,2010-03-03T13:15:12.810
IRC+10216,850,scuba2_00030_20100307T074212,20100307,55262.3214706,2010-03-07T07:42:55.056
IRC+10216,850,scuba2_00071_20100308T133539,20100308,55263.5669265,2010-03-08T13:36:22.448
IRC+10216,850,scuba2_00069_20100309T105832,20100309,55264.4578392,2010-03-09T10:59:17.309
IRC+10216,850,scuba2_00049_20100310T080830,20100310,55265.3397574,2010-03-10T08:09:15.043
IRC+10216,850,scuba2_00070_20100313T115151,20100313,55268.494875,2010-03-13T11:52:37.197
IRC+10216,850,scuba2_00037_20100314T095506,20100314,55269.4138007,2010-03-14T09:55:52.376
IRC+10216,850,scuba2_00043_20100314T113820,20100314,55269.4854682,2010-03-14T11:39:04.451
IRC+10216,850,scuba2_00048_20100314T115918,20100314,55269.5000462,2010-03-14T12:00:03.991
IRC+10216,850,scuba2_00052_20100314T121611,20100314,55269.5117913,2010-03-14T12:16:58.772
IRC+10216,850,scuba2_00011_20100323T083312,20100323,55278.3568943,2010-03-23T08:33:55.664
IRC+10216,850,scuba2_00015_20100323T085031,20100323,55278.3689229,2010-03-23T08:51:14.940
IRC+10216,850,scuba2_00031_20100323T103642,20100323,55278.4426582,2010-03-23T10:37:25.670
IRC+10216,850,scuba2_00052_20100324T103426,20100324,55279.4410872,2010-03-24T10:35:09.935
IRC+10216,850,scuba2_00062_20110327T112039,20110327,55647.4728213,2011-03-27T11:20:51.759
IRC+10216,850,scuba2_00013_20110330T070514,20110330,55650.2958116,2011-03-30T07:05:58.122
IRC+10216,850,scuba2_00036_20110330T113503,20110330,55650.4832626,2011-03-30T11:35:53.886
IRC+10216,850,Scuba2_00007_20110330T063325,20110330,55650.2737565,2011-03-30T06:34:12.565
IRC+10216,850,Scuba2_00003_20110418T070332,20110418,55669.2946303,2011-04-18T07:04:16.056
IRC+10216,850,Scuba2_00010_20110419T070545,20110419,55670.2963123,2011-04-19T07:06:41.386
IRC+10216,850,scuba2_00028_20110419T094849,20110419,55670.4095038,2011-04-19T09:49:41.131
IRC+10216,850,Scuba2_00005_20110419T063435,20110419,55670.2745869,2011-04-19T06:35:24.307
IRC+10216,850,Scuba2_00009_20110419T064922,20110419,55670.284834,2011-04-19T06:50:09.655
IRC+10216,850,scuba2_00020_20110420T092854,20110420,55671.3955965,2011-04-20T09:29:39.535
IRC+10216,850,Scuba2_00005_20110420T072716,20110420,55671.3111531,2011-04-20T07:28:03.624
IRC+10216,850,Scuba2_00003_20110422T051319,20110422,55673.2181163,2011-04-22T05:14:05.246
IRC+10216,850,Scuba2_00009_20110422T060049,20110422,55673.251101,2011-04-22T06:01:35.126
IRC+10216,850,Scuba2_00003_20110428T043632,20110428,55679.1927443,2011-04-28T04:37:33.111
IRC+10216,850,Scuba2_00003_20110513T034715,20110513,55694.1584729,2011-05-13T03:48:12.060
IRC+10216,850,scuba2_00010_20110514T062149,20110514,55695.2658022,2011-05-14T06:22:45.306
IRC+10216,850,Scuba2_00005_20110514T055330,20110514,55695.2461882,2011-05-14T05:54:30.657
IRC+10216,850,Scuba2_00003_20110515T052959,20110515,55696.2298424,2011-05-15T05:30:58.387
IRC+10216,850,Scuba2_00008_20110515T055627,20110515,55696.2481699,2011-05-15T05:57:21.881
IRC+10216,850,scuba2_00018_20110519T074913,20110519,55700.326509,2011-05-19T07:50:10.374
IRC+10216,850,Scuba2_00005_20110523T050405,20110523,55704.2118714,2011-05-23T05:05:05.690
IRC+10216,850,scuba2_00012_20110524T054639,20110524,55705.241425,2011-05-24T05:47:39.121
IRC+10216,850,scuba2_00015_20110526T055623,20110526,55707.2482223,2011-05-26T05:57:26.405
IRC+10216,850,scuba2_00045_20111010T153354,20111010,55844.6492125,2011-10-10T15:34:51.960
IRC+10216,850,scuba2_00050_20111226T110003,20111226,55921.4590048,2011-12-26T11:00:58.012
IRC+10216,850,scuba2_00054_20111226T115425,20111226,55921.4967534,2011-12-26T11:55:19.490
IRC+10216,850,scuba2_00058_20111226T124901,20111226,55921.5346855,2011-12-26T12:49:56.826
IRC+10216,850,scuba2_00070_20111226T142047,20111226,55921.598996,2011-12-26T14:22:33.255
IRC+10216,850,scuba2_00074_20111226T151559,20111226,55921.6367339,2011-12-26T15:16:53.807
IRC+10216,850,scuba2_00054_20111228T110440,20111228,55923.462206,2011-12-28T11:05:34.597
IRC+10216,850,scuba2_00057_20111228T115607,20111228,55923.4979343,2011-12-28T11:57:01.526
IRC+10216,850,scuba2_00062_20111228T125840,20111228,55923.5413722,2011-12-28T12:59:34.559
IRC+10216,850,scuba2_00073_20111228T142740,20111228,55923.603176,2011-12-28T14:28:34.403
IRC+10216,850,scuba2_00076_20111228T151951,20111228,55923.6394048,2011-12-28T15:20:44.578
IRC+10216,850,scuba2_00012_20120122T092802,20120122,55948.3951051,2012-01-22T09:28:57.078
IRC+10216,850,scuba2_00015_20120122T100306,20120122,55948.4194571,2012-01-22T10:04:01.096
IRC+10216,850,scuba2_00018_20120122T103541,20120122,55948.4420833,2012-01-22T10:36:36.001
IRC+10216,850,scuba2_00022_20120122T111110,20120122,55948.4667234,2012-01-22T11:12:04.906
IRC+10216,850,scuba2_00038_20120123T112005,20120123,55949.4729165,2012-01-23T11:20:59.990
IRC+10216,850,scuba2_00044_20120123T124627,20120123,55949.5328831,2012-01-23T12:47:21.100
IRC+10216,850,scuba2_00049_20120123T140513,20120123,55949.5875801,2012-01-23T14:06:06.922
IRC+10216,850,scuba2_00054_20120123T150735,20120123,55949.6308992,2012-01-23T15:08:29.695
IRC+10216,850,scuba2_00032_20120124T080916,20120124,55950.3403972,2012-01-24T08:10:10.314
IRC+10216,850,scuba2_00036_20120124T090438,20120124,55950.3788523,2012-01-24T09:05:32.839
IRC+10216,850,scuba2_00039_20120124T095828,20120124,55950.4162376,2012-01-24T09:59:22.924
IRC+10216,850,scuba2_00045_20120124T110430,20120124,55950.4620854,2012-01-24T11:05:24.182
IRC+10216,850,scuba2_00052_20120124T125107,20120124,55950.5361238,2012-01-24T12:52:01.099
IRC+10216,850,scuba2_00055_20120124T134353,20120124,55950.5727778,2012-01-24T13:44:48.002
IRC+10216,850,scuba2_00059_20120124T140232,20120124,55950.5857771,2012-01-24T14:03:31.139
IRC+10216,850,scuba2_00064_20120124T151153,20120124,55950.633891,2012-01-24T15:12:48.184
IRC+10216,850,scuba2_00023_20120125T080332,20120125,55951.3364061,2012-01-25T08:04:25.489
IRC+10216,850,scuba2_00031_20120125T093802,20120125,55951.4020518,2012-01-25T09:38:57.278
IRC+10216,850,scuba2_00035_20120125T105348,20120125,55951.4546599,2012-01-25T10:54:42.614
IRC+10216,850,scuba2_00044_20120125T123224,20120125,55951.5231302,2012-01-25T12:33:18.451
IRC+10216,850,scuba2_00048_20120125T134839,20120125,55951.576074,2012-01-25T13:49:32.795
IRC+10216,850,scuba2_00032_20120126T082927,20120126,55952.3544151,2012-01-26T08:30:21.464
IRC+10216,850,scuba2_00035_20120126T092208,20120126,55952.3911512,2012-01-26T09:23:15.467
IRC+10216,850,scuba2_00038_20120126T101515,20120126,55952.427888,2012-01-26T10:16:09.520
IRC+10216,850,scuba2_00045_20120126T112953,20120126,55952.4797151,2012-01-26T11:30:47.381
IRC+10216,850,scuba2_00057_20120126T131112,20120126,55952.5500776,2012-01-26T13:12:06.701
IRC+10216,850,scuba2_00063_20120126T143313,20120126,55952.6070312,2012-01-26T14:34:07.494
IRC+10216,850,scuba2_00037_20120127T083846,20120127,55953.3609168,2012-01-27T08:39:43.211
IRC+10216,850,scuba2_00045_20120127T102912,20120127,55953.437579,2012-01-27T10:30:06.823
IRC+10216,850,scuba2_00059_20120127T122818,20120127,55953.5202812,2012-01-27T12:29:12.295
IRC+10216,850,scuba2_00066_20120127T135450,20120127,55953.5803723,2012-01-27T13:55:44.164
IRC+10216,850,scuba2_00050_20120128T125816,20120128,55954.5410796,2012-01-28T12:59:09.278
IRC+10216,850,scuba2_00055_20120128T135753,20120128,55954.5825007,2012-01-28T13:58:48.058
IRC+10216,850,scuba2_00041_20120201T104658,20120201,55958.4499293,2012-02-01T10:47:53.894
IRC+10216,850,scuba2_00048_20120202T123146,20120202,55959.522693,2012-02-02T12:32:40.678
IRC+10216,850,scuba2_00060_20120202T142909,20120202,55959.6042242,2012-02-02T14:30:04.970
IRC+10216,850,scuba2_00031_20120204T082351,20120204,55961.3505253,2012-02-04T08:24:45.389
IRC+10216,850,scuba2_00038_20120204T093506,20120204,55961.4,2012-02-04T09:35:59.275
IRC+10216,850,scuba2_00029_20120205T075707,20120205,55962.3319663,2012-02-05T07:58:01.891
IRC+10216,850,scuba2_00032_20120205T085123,20120205,55962.3696509,2012-02-05T08:52:17.842
IRC+10216,850,scuba2_00036_20120205T094935,20120205,55962.4100645,2012-02-05T09:50:29.574
IRC+10216,850,scuba2_00049_20120205T125243,20120205,55962.5372848,2012-02-05T12:53:41.404
IRC+10216,850,scuba2_00054_20120205T140050,20120205,55962.5845279,2012-02-05T14:01:43.211
IRC+10216,850,scuba2_00022_20120207T072318,20120207,55964.3084634,2012-02-07T07:24:11.238
IRC+10216,850,scuba2_00025_20120207T081824,20120207,55964.3467951,2012-02-07T08:19:23.099
IRC+10216,850,scuba2_00042_20120207T122130,20120207,55964.5155693,2012-02-07T12:22:25.188
IRC+10216,850,scuba2_00048_20120207T133604,20120207,55964.5673484,2012-02-07T13:36:58.903
IRC+10216,850,scuba2_00032_20120213T092440,20120213,55970.3927809,2012-02-13T09:25:36.274
IRC+10216,850,scuba2_00017_20120218T064011,20120218,55975.2785527,2012-02-18T06:41:06.956
IRC+10216,850,scuba2_00021_20120218T073755,20120218,55975.3186161,2012-02-18T07:38:48.428
IRC+10216,850,scuba2_00024_20120218T083148,20120218,55975.356045,2012-02-18T08:32:42.284
IRC+10216,850,scuba2_00028_20120218T094922,20120218,55975.4099157,2012-02-18T09:50:16.716
IRC+10216,850,scuba2_00036_20120218T111237,20120218,55975.4677281,2012-02-18T11:13:31.704
IRC+10216,850,scuba2_00039_20120218T120748,20120218,55975.5060474,2012-02-18T12:08:42.497
IRC+10216,850,scuba2_00015_20120219T064439,20120219,55976.2816235,2012-02-19T06:45:32.275
IRC+10216,850,scuba2_00018_20120219T074231,20120219,55976.3218081,2012-02-19T07:43:24.223
IRC+10216,850,scuba2_00022_20120219T085134,20120219,55976.3697582,2012-02-19T08:52:27.106
IRC+10216,850,scuba2_00029_20120219T100754,20120219,55976.4227794,2012-02-19T10:08:48.142
IRC+10216,850,scuba2_00032_20120221T113051,20120221,55978.4803783,2012-02-21T11:31:44.688
IRC+10216,850,scuba2_00035_20120221T121310,20120221,55978.509771,2012-02-21T12:14:04.215
IRC+10216,850,scuba2_00035_20120223T114036,20120223,55980.487161,2012-02-23T11:41:30.711
IRC+10216,850,scuba2_00037_20120224T104105,20120224,55981.4459161,2012-02-24T10:42:07.148
IRC+10216,850,scuba2_00034_20120228T100728,20120228,55985.4224821,2012-02-28T10:08:22.456
IRC+10216,850,scuba2_00014_20120306T054452,20120306,55992.2401185,2012-03-06T05:45:46.239
IRC+10216,850,scuba2_00023_20120306T065956,20120306,55992.2922619,2012-03-06T07:00:51.430
IRC+10216,850,scuba2_00016_20120316T061731,20120316,56002.2628074,2012-03-16T06:18:26.555
IRC+10216,850,scuba2_00017_20120317T061033,20120317,56003.2579656,2012-03-17T06:11:28.231
IRC+10216,850,scuba2_00034_20120317T102301,20120317,56003.433294,2012-03-17T10:23:56.602
IRC+10216,850,scuba2_00015_20120318T063308,20120318,56004.2736668,2012-03-18T06:34:04.808
IRC+10216,850,scuba2_00026_20120318T091647,20120318,56004.3872992,2012-03-18T09:17:42.647
IRC+10216,850,scuba2_00015_20120319T064217,20120319,56005.2800036,2012-03-19T06:43:12.311
IRC+10216,850,scuba2_00029_20120319T093546,20120319,56005.4004669,2012-03-19T09:36:40.342
IRC+10216,850,scuba2_00023_20120322T053036,20120322,56008.2302167,2012-03-22T05:31:30.719
IRC+10216,850,scuba2_00029_20120322T065344,20120322,56008.2879747,2012-03-22T06:54:41.016
IRC+10216,850,scuba2_00049_20120322T100829,20120322,56008.423207,2012-03-22T10:09:25.087
IRC+10216,850,scuba2_00055_20120322T113143,20120322,56008.4810293,2012-03-22T11:32:40.931
IRC+10216,850,scuba2_00019_20120324T070553,20120324,56010.2964019,2012-03-24T07:06:49.120
IRC+10216,850,scuba2_0006_20120326T091242,20120326,56012.3844607,2012-03-26T09:13:37.404
IRC+10216,850,scuba2_00035_20120328T084423,20120328,56014.3648098,2012-03-28T08:45:19.565
IRC+10216,850,scuba2_00030_20120330T060935,20120330,56016.2573297,2012-03-30T06:10:33.287
IRC+10216,850,scuba2_00036_20120330T075144,20120330,56016.3282767,2012-03-30T07:52:43.103
IRC+10216,850,scuba2_00044_20120330T093354,20120330,56016.399215,2012-03-30T09:34:52.173
IRC+10216,850,scuba2_00049_20120330T105210,20120330,56016.4535748,2012-03-30T10:53:08.860
IRC+10216,850,scuba2_00018_20120331T054412,20120331,56017.2397035,2012-03-31T05:45:10.382
IRC+10216,850,scuba2_00036_20120402T102900,20120402,56019.4374663,2012-04-02T10:29:57.091
IRC+10216,850,scuba2_00018_20120403T080841,20120403,56020.3400028,2012-04-03T08:09:36.241
IRC+10216,850,scuba2_00022_20120403T082640,20120403,56020.3524914,2012-04-03T08:27:35.254
IRC+10216,850,scuba2_00014_20120409T053857,20120409,56026.2360363,2012-04-09T05:39:53.533
IRC+10216,850,scuba2_00017_20120409T063101,20120409,56026.272188,2012-04-09T06:31:57.046
IRC+10216,850,scuba2_00021_20120409T072919,20120409,56026.3126778,2012-04-09T07:30:15.363
IRC+10216,850,scuba2_00026_20120409T082850,20120409,56026.3540134,2012-04-09T08:29:46.759
IRC+10216,850,scuba2_00029_20120409T092032,20120409,56026.3899081,2012-04-09T09:21:28.060
IRC+10216,850,scuba2_00033_20120409T101702,20120409,56026.4291402,2012-04-09T10:17:57.711
IRC+10216,850,scuba2_00022_20120412T051705,20120412,56029.2208553,2012-04-12T05:18:01.900
IRC+10216,850,scuba2_00041_20120412T093722,20120412,56029.4015875,2012-04-12T09:38:17.160
IRC+10216,850,scuba2_00030_20120414T075613,20120414,56031.33135,2012-04-14T07:57:08.638
IRC+10216,850,scuba2_00012_20120416T044843,20120416,56033.2011557,2012-04-16T04:49:39.854
IRC+10216,850,scuba2_00025_20120416T073330,20120416,56033.3155909,2012-04-16T07:34:27.053
IRC+10216,850,scuba2_00040_20120416T095341,20120416,56033.4129246,2012-04-16T09:54:36.688
IRC+10216,850,scuba2_00011_20120417T050848,20120417,56034.2150873,2012-04-17T05:09:43.543
IRC+10216,850,scuba2_00019_20120417T071304,20120417,56034.30139,2012-04-17T07:14:00.092
IRC+10216,850,scuba2_00022_20120417T072813,20120417,56034.3119003,2012-04-17T07:29:08.184
IRC+10216,850,scuba2_00026_20120417T082510,20120417,56034.3514889,2012-04-17T08:26:08.641
IRC+10216,850,scuba2_00031_20120418T081749,20120418,56035.346335,2012-04-18T08:18:43.346
IRC+10216,850,scuba2_00028_20120421T082416,20120421,56038.350869,2012-04-21T08:25:15.084
IRC+10216,850,scuba2_00017_20120425T072845,20120425,56042.3122524,2012-04-25T07:29:38.605
IRC+10216,850,scuba2_00017_20120430T061318,20120430,56047.2598559,2012-04-30T06:14:11.549
IRC+10216,850,scuba2_00021_20120430T070934,20120430,56047.2989438,2012-04-30T07:10:28.745
IRC+10216,850,scuba2_00013_20120501T051701,20120501,56048.2207597,2012-05-01T05:17:53.639
IRC+10216,850,scuba2_00016_20120501T060850,20120501,56048.2567521,2012-05-01T06:09:43.383
IRC+10216,850,scuba2_00016_20120503T052812,20120503,56050.2285391,2012-05-03T05:29:05.780
IRC+10216,850,scuba2_00014_20120504T045006,20120504,56051.2020814,2012-05-04T04:50:59.833
IRC+10216,850,scuba2_00018_20120504T060305,20120504,56051.252749,2012-05-04T06:03:57.518
IRC+10216,850,scuba2_00016_20120505T043703,20120505,56052.1930202,2012-05-05T04:37:56.943
IRC+10216,850,scuba2_00022_20120505T060149,20120505,56052.2518981,2012-05-05T06:02:43.996
IRC+10216,850,Scuba2_00007_20120509T054717,20120509,56056.2417881,2012-05-09T05:48:10.496
IRC+10216,850,scuba2_00033_20120516T061609,20120516,56063.2619549,2012-05-16T06:17:12.905
IRC+10216,850,scuba2_00015_20120517T053359,20120517,56064.2326227,2012-05-17T05:34:58.599
IRC+10216,850,scuba2_00023_20120517T071058,20120517,56064.3,2012-05-17T07:11:59.380
IRC+10216,850,scuba2_00026_20120518T054219,20120518,56065.2383377,2012-05-18T05:43:12.377
IRC+10216,850,scuba2_00016_20120519T053021,20120519,56066.2300383,2012-05-19T05:31:15.311
IRC+10216,850,scuba2_00012_20120520T053508,20120520,56067.2333543,2012-05-20T05:36:01.814
IRC+10216,850,scuba2_00014_20120521T055213,20120521,56068.2452176,2012-05-21T05:53:06.802
IRC+10216,850,scuba2_00079_20121014T161851,20121014,56214.6806968,2012-10-14T16:20:12.206
IRC+10216,850,scuba2_00062_20121015T161029,20121015,56215.6748932,2012-10-15T16:11:50.776
IRC+10216,850,scuba2_00083_20121016T153427,20121016,56216.6498521,2012-10-16T15:35:47.222
IRC+10216,850,scuba2_00086_20121016T161007,20121016,56216.6746148,2012-10-16T16:11:26.720
IRC+10216,850,scuba2_00057_20121018T162819,20121018,56218.6872819,2012-10-18T16:29:41.160
IRC+10216,850,scuba2_00063_20121020T153635,20121020,56220.6512773,2012-10-20T15:37:50.356
IRC+10216,850,scuba2_00070_20121021T152145,20121021,56221.6430722,2012-10-21T15:26:01.439
IRC+10216,850,scuba2_00078_20121021T165611,20121021,56221.7066261,2012-10-21T16:57:32.492
IRC+10216,850,scuba2_00063_20121022T153326,20121022,56222.6511658,2012-10-22T15:37:40.724
IRC+10216,850,scuba2_00075_20121215T155715,20121215,56276.6658502,2012-12-15T15:58:49.458
IRC+10216,850,scuba2_00081_20121218T150117,20121218,56279.6273651,2012-12-18T15:03:24.349
IRC+10216,850,scuba2_00050_20121222T104152,20121222,56283.448859,2012-12-22T10:46:21.420
IRC+10216,850,scuba2_00053_20121222T113624,20121222,56283.4845246,2012-12-22T11:37:42.929
IRC+10216,850,scuba2_00057_20121222T123200,20121222,56283.523191,2012-12-22T12:33:23.705
IRC+10216,850,scuba2_00067_20121222T135438,20121222,56283.5817826,2012-12-22T13:57:46.020
IRC+10216,850,scuba2_00070_20121222T144737,20121222,56283.6175024,2012-12-22T14:49:12.204
IRC+10216,850,scuba2_00073_20121222T153953,20121222,56283.6537243,2012-12-22T15:41:21.781
IRC+10216,850,scuba2_00078_20121222T164444,20121222,56283.6988605,2012-12-22T16:46:21.548
IRC+10216,850,scuba2_00035_20121223T104212,20121223,56284.4490029,2012-12-23T10:46:33.847
IRC+10216,850,scuba2_00038_20121223T113710,20121223,56284.4849825,2012-12-23T11:38:22.485
IRC+10216,850,scuba2_00041_20121223T122936,20121223,56284.5214882,2012-12-23T12:30:56.577
IRC+10216,850,scuba2_00050_20121223T134013,20121223,56284.5703724,2012-12-23T13:41:20.179
IRC+10216,850,scuba2_00054_20121223T143607,20121223,56284.6095004,2012-12-23T14:37:40.839
IRC+10216,850,scuba2_00057_20121223T152932,20121223,56284.6465972,2012-12-23T15:31:05.995
IRC+10216,850,scuba2_00060_20121223T162157,20121223,56284.6829157,2012-12-23T16:23:23.917
IRC+10216,850,scuba2_00020_20121226T113620,20121226,56287.4843103,2012-12-26T11:37:24.411
IRC+10216,850,scuba2_00030_20121226T125214,20121226,56287.537107,2012-12-26T12:53:26.045
IRC+10216,850,scuba2_00034_20121226T132148,20121226,56287.5576767,2012-12-26T13:23:03.267
IRC+10216,850,scuba2_00030_20121230T150100,20121230,56291.6267885,2012-12-30T15:02:34.523
IRC+10216,850,scuba2_00032_20121230T154746,20121230,56291.6591441,2012-12-30T15:49:10.052
IRC+10216,850,scuba2_00048_20121231T115557,20121231,56292.5000832,2012-12-31T12:00:07.190
IRC+10216,850,scuba2_00036_20130101T100542,20130101,56293.4237159,2013-01-01T10:10:09.056
IRC+10216,850,scuba2_00039_20130101T105939,20130101,56293.4590218,2013-01-01T11:00:59.485
IRC+10216,850,scuba2_00043_20130101T115404,20130101,56293.4966038,2013-01-01T11:55:06.566
IRC+10216,850,scuba2_00057_20130101T150010,20130101,56293.6269098,2013-01-01T15:02:45.007
IRC+10216,850,scuba2_00045_20130104T112559,20130104,56296.4773076,2013-01-04T11:27:19.374
IRC+10216,850,scuba2_00064_20130104T153401,20130104,56296.6496192,2013-01-04T15:35:27.100
IRC+10216,850,scuba2_00038_20130107T113842,20130107,56299.4862085,2013-01-07T11:40:08.414
IRC+10216,850,scuba2_00047_20130107T145601,20130107,56299.6232787,2013-01-07T14:57:31.275
IRC+10216,850,scuba2_00055_20130107T162951,20130107,56299.6883583,2013-01-07T16:31:14.159
IRC+10216,850,scuba2_00055_20130108T133402,20130108,56300.5665414,2013-01-08T13:35:49.175
IRC+10216,850,scuba2_00058_20130108T143008,20130108,56300.6053745,2013-01-08T14:31:44.361
IRC+10216,850,scuba2_00063_20130108T153253,20130108,56300.648529,2013-01-08T15:33:52.905
IRC+10216,850,scuba2_00064_20130110T154153,20130110,56302.6548744,2013-01-10T15:43:01.146
IRC+10216,850,scuba2_00039_20130114T095703,20130114,56306.415364,2013-01-14T09:58:07.453
IRC+10216,850,scuba2_00055_20130114T133532,20130114,56306.5678284,2013-01-14T13:37:40.373
IRC+10216,850,scuba2_00028_20130119T095930,20130119,56311.4172861,2013-01-19T10:00:53.519
IRC+10216,850,scuba2_00034_20130121T092308,20130121,56313.3917982,2013-01-21T09:24:11.366
IRC+10216,850,scuba2_00062_20130121T141300,20130121,56313.5934012,2013-01-21T14:14:29.862
IRC+10216,850,scuba2_00016_20130122T093411,20130122,56314.399651,2013-01-22T09:35:29.846
IRC+10216,850,scuba2_00019_20130122T102437,20130122,56314.4347319,2013-01-22T10:26:00.833
IRC+10216,850,scuba2_00036_20130122T142121,20130122,56314.5992452,2013-01-22T14:22:54.782
IRC+10216,850,scuba2_00039_20130122T151256,20130122,56314.6349201,2013-01-22T15:14:17.095
IRC+10216,850,scuba2_00042_20130123T101514,20130123,56315.4281959,2013-01-23T10:16:36.125
IRC+10216,850,scuba2_00046_20130123T105847,20130123,56315.4585042,2013-01-23T11:00:14.766
IRC+10216,850,scuba2_00049_20130123T114030,20130123,56315.487374,2013-01-23T11:41:49.116
IRC+10216,850,scuba2_00056_20130123T131306,20130123,56315.5518864,2013-01-23T13:14:42.982
IRC+10216,850,scuba2_00063_20130123T142156,20130123,56315.5995752,2013-01-23T14:23:23.293
IRC+10216,850,scuba2_00029_20130124T084658,20130124,56316.3668531,2013-01-24T08:48:16.104
IRC+10216,850,scuba2_00037_20130124T100335,20130124,56316.4199148,2013-01-24T10:04:40.641
IRC+10216,850,scuba2_00040_20130124T104542,20130124,56316.4493795,2013-01-24T10:47:06.391
IRC+10216,850,scuba2_00047_20130124T131250,20130124,56316.5517052,2013-01-24T13:14:27.326
IRC+10216,850,scuba2_00050_20130124T135512,20130124,56316.5810263,2013-01-24T13:56:40.668
IRC+10216,850,scuba2_00054_20130124T144839,20130124,56316.6180893,2013-01-24T14:50:02.913
IRC+10216,850,scuba2_00033_20130125T091201,20130125,56317.3842539,2013-01-25T09:13:19.536
IRC+10216,850,scuba2_00040_20130125T105828,20130125,56317.4583262,2013-01-25T10:59:59.383
IRC+10216,850,scuba2_00051_20130125T134007,20130125,56317.5703129,2013-01-25T13:41:15.035
IRC+10216,850,scuba2_00054_20130128T150224,20130128,56320.6274009,2013-01-28T15:03:27.434
IRC+10216,850,scuba2_00046_20130202T122841,20130202,56325.520796,2013-02-02T12:29:56.773
IRC+10216,850,scuba2_00052_20130202T142203,20130202,56325.5995513,2013-02-02T14:23:21.229
IRC+10216,850,scuba2_00046_20130203T124041,20130203,56326.5300552,2013-02-03T12:43:16.773
IRC+10216,850,scuba2_00051_20130203T134508,20130203,56326.573959,2013-02-03T13:46:30.058
IRC+10216,850,scuba2_00043_20130204T121839,20130204,56327.514899,2013-02-04T12:21:27.274
IRC+10216,850,scuba2_00051_20130204T140315,20130204,56327.5865042,2013-02-04T14:04:33.964
IRC+10216,850,scuba2_00054_20130204T145520,20130204,56327.6226428,2013-02-04T14:56:36.342
IRC+10216,850,scuba2_00051_20130205T141058,20130205,56328.5919063,2013-02-05T14:12:20.702
IRC+10216,850,scuba2_00054_20130206T123140,20130206,56329.5237779,2013-02-06T12:34:14.413
IRC+10216,850,scuba2_00058_20130206T132758,20130206,56329.5621219,2013-02-06T13:29:27.331
IRC+10216,850,scuba2_00042_20130207T123901,20130207,56330.5278221,2013-02-07T12:40:03.826
IRC+10216,850,scuba2_00037_20130208T090711,20130208,56331.3809379,2013-02-08T09:08:33.034
IRC+10216,850,scuba2_00052_20130208T134032,20130208,56331.5707687,2013-02-08T13:41:54.413
IRC+10216,850,scuba2_00049_20130209T124430,20130209,56332.5316707,2013-02-09T12:45:36.348
IRC+10216,850,scuba2_00054_20130209T134420,20130209,56332.5734229,2013-02-09T13:45:43.739
IRC+10216,850,scuba2_00032_20130210T080213,20130210,56333.3378445,2013-02-10T08:06:29.762
IRC+10216,850,scuba2_00035_20130210T085612,20130210,56333.3732577,2013-02-10T08:57:29.463
IRC+10216,850,scuba2_00038_20130210T094741,20130210,56333.4090866,2013-02-10T09:49:05.083
IRC+10216,850,scuba2_00053_20130210T121607,20130210,56333.5119174,2013-02-10T12:17:09.666
IRC+10216,850,scuba2_00061_20130210T140731,20130210,56333.5895084,2013-02-10T14:08:53.530
IRC+10216,850,scuba2_00048_20130213T123057,20130213,56336.5224882,2013-02-13T12:32:22.983
IRC+10216,850,scuba2_00054_20130213T141307,20130213,56336.5933232,2013-02-13T14:14:23.129
IRC+10216,850,scuba2_00078_20130214T130035,20130214,56337.5428275,2013-02-14T13:01:40.294
IRC+10216,850,scuba2_00081_20130214T135041,20130214,56337.5777682,2013-02-14T13:51:59.172
IRC+10216,850,scuba2_00085_20130214T144356,20130214,56337.6145432,2013-02-14T14:44:56.528
IRC+10216,850,scuba2_00053_20130215T090815,20130215,56338.3814065,2013-02-15T09:09:13.522
IRC+10216,850,scuba2_00056_20130215T100050,20130215,56338.4181687,2013-02-15T10:02:09.773
IRC+10216,850,scuba2_00064_20130215T112029,20130215,56338.4745374,2013-02-15T11:23:20.034
IRC+10216,850,scuba2_00067_20130215T121438,20130215,56338.511226,2013-02-15T12:16:09.924
IRC+10216,850,scuba2_00072_20130215T131536,20130215,56338.5534395,2013-02-15T13:16:57.176
IRC+10216,850,scuba2_00075_20130215T141108,20130215,56338.5919649,2013-02-15T14:12:25.764
IRC+10216,850,scuba2_00025_20130216T065100,20130216,56339.286103,2013-02-16T06:51:59.297
IRC+10216,850,scuba2_00028_20130216T074242,20130216,56339.3222402,2013-02-16T07:44:01.556
IRC+10216,850,scuba2_00031_20130216T083441,20130216,56339.3583556,2013-02-16T08:36:01.926
IRC+10216,850,scuba2_00034_20130216T092711,20130216,56339.3948433,2013-02-16T09:28:34.459
IRC+10216,850,scuba2_00043_20130216T120226,20130216,56339.5034638,2013-02-16T12:04:59.275
IRC+10216,850,scuba2_00025_20130217T071035,20130217,56340.3020518,2013-02-17T07:14:57.278
IRC+10216,850,scuba2_00030_20130217T084715,20130217,56340.3671317,2013-02-17T08:48:40.180
IRC+10216,850,scuba2_00036_20130217T101918,20130217,56340.4309489,2013-02-17T10:20:33.981
IRC+10216,850,scuba2_00030_20130225T074707,20130225,56348.3253342,2013-02-25T07:48:28.872
IRC+10216,850,scuba2_00039_20130225T092658,20130225,56348.3947073,2013-02-25T09:28:22.708
IRC+10216,850,scuba2_00023_20130226T071407,20130226,56349.3035788,2013-02-26T07:17:09.205
IRC+10216,850,scuba2_00031_20130226T084659,20130226,56349.3669639,2013-02-26T08:48:25.680
IRC+10216,850,scuba2_00036_20130226T091211,20130226,56349.3860439,2013-02-26T09:15:54.196
IRC+10216,850,scuba2_00015_20130228T061003,20130228,56351.2600603,2013-02-28T06:14:29.209
IRC+10216,850,scuba2_00015_20130301T061210,20130301,56352.2608306,2013-03-01T06:15:35.764
IRC+10216,850,scuba2_00022_20130301T071434,20130301,56352.3026633,2013-03-01T07:15:50.110
IRC+10216,850,scuba2_00031_20130301T095525,20130301,56352.414278,2013-03-01T09:56:33.615
IRC+10216,850,scuba2_00018_20130302T061839,20130302,56353.2648832,2013-03-02T06:21:25.906
IRC+10216,850,scuba2_00024_20130302T072634,20130302,56353.310923,2013-03-02T07:27:43.743
IRC+10216,850,scuba2_00033_20130302T091211,20130302,56353.3857907,2013-03-02T09:15:32.317
IRC+10216,850,scuba2_00042_20130303T071338,20130303,56354.3032848,2013-03-03T07:16:43.803
IRC+10216,850,scuba2_00052_20130303T085805,20130303,56354.3761184,2013-03-03T09:01:36.629
IRC+10216,850,scuba2_00035_20130304T063859,20130304,56355.2791783,2013-03-04T06:42:01.002
IRC+10216,850,scuba2_00039_20130304T073514,20130304,56355.3170159,2013-03-04T07:36:30.172
IRC+10216,850,scuba2_00017_20130306T072648,20130306,56357.3112262,2013-03-06T07:28:09.940
IRC+10216,850,scuba2_00033_20130306T105235,20130306,56357.453925,2013-03-06T10:53:39.124
IRC+10216,850,scuba2_00014_20130307T063821,20130307,56358.2788067,2013-03-07T06:41:28.900
IRC+10216,850,scuba2_00025_20130307T083318,20130307,56358.3590498,2013-03-07T08:37:01.906
IRC+10216,850,scuba2_00038_20130307T115617,20130307,56358.4981035,2013-03-07T11:57:16.141
IRC+10216,850,scuba2_00013_20130308T070245,20130308,56359.2964041,2013-03-08T07:06:49.311
IRC+10216,850,scuba2_00019_20130308T082736,20130308,56359.3532332,2013-03-08T08:28:39.348
IRC+10216,850,scuba2_00012_20130313T090018,20130313,56364.3760544,2013-03-13T09:01:31.103
IRC+10216,850,scuba2_00021_20130313T101501,20130313,56364.4298619,2013-03-13T10:19:00.065
IRC+10216,850,scuba2_00032_20130313T114211,20130313,56364.4901561,2013-03-13T11:45:49.490
IRC+10216,850,scuba2_00036_20130314T100252,20130314,56365.4206928,2013-03-14T10:05:47.862
IRC+10216,850,scuba2_00025_20130320T090034,20130320,56371.3767998,2013-03-20T09:02:35.500
IRC+10216,850,scuba2_00012_20130329T065159,20130329,56380.2887594,2013-03-29T06:55:48.810
IRC+10216,850,scuba2_00019_20130329T082238,20130329,56380.3501959,2013-03-29T08:24:16.925
IRC+10216,850,scuba2_00026_20130329T095232,20130329,56380.4124318,2013-03-29T09:53:54.108
IRC+10216,850,scuba2_00032_20130329T110012,20130329,56380.4593523,2013-03-29T11:01:28.036
IRC+10216,850,scuba2_00010_20130401T051020,20130401,56383.2184208,2013-04-01T05:14:31.554
IRC+10216,850,scuba2_00013_20130401T060554,20130401,56383.255052,2013-04-01T06:07:16.491
IRC+10216,850,scuba2_00024_20130401T082711,20130401,56383.3542365,2013-04-01T08:30:06.033
IRC+10216,850,scuba2_00028_20130401T092546,20130401,56383.3939099,2013-04-01T09:27:13.817
IRC+10216,850,scuba2_00032_20130402T085950,20130402,56384.3763284,2013-04-02T09:01:54.778
IRC+10216,850,scuba2_00015_20130405T054037,20130405,56387.2374799,2013-04-05T05:41:58.265
IRC+10216,850,scuba2_00033_20130405T091006,20130405,56387.3830061,2013-04-05T09:11:31.731
IRC+10216,850,scuba2_00036_20130405T100326,20130405,56387.4200114,2013-04-05T10:04:48.984
IRC+10216,850,scuba2_00031_20130406T074845,20130406,56388.3274572,2013-04-06T07:51:32.305
IRC+10216,850,scuba2_00026_20130407T073218,20130407,56389.3152859,2013-04-07T07:34:00.705
IRC+10216,850,scuba2_00031_20130407T084116,20130407,56389.3630943,2013-04-07T08:42:51.344
IRC+10216,850,scuba2_00035_20130407T093840,20130407,56389.402871,2013-04-07T09:40:08.052
IRC+10216,850,scuba2_00015_20130416T095623,20130416,56398.4149128,2013-04-16T09:57:28.464
IRC+10216,850,scuba2_00021_20130418T080128,20130418,56400.3354382,2013-04-18T08:03:01.862
IRC+10216,850,scuba2_00024_20130418T085201,20130418,56400.3704548,2013-04-18T08:53:27.293
IRC+10216,850,scuba2_00016_20130426T063813,20130426,56408.2783305,2013-04-26T06:40:47.751
IRC+10216,850,scuba2_00029_20130426T093933,20130426,56408.4048788,2013-04-26T09:43:01.529
IRC+10216,850,scuba2_00019_20130427T074400,20130427,56409.3232459,2013-04-27T07:45:28.447
IRC+10216,850,scuba2_00024_20130427T092352,20130427,56409.3924989,2013-04-27T09:25:11.904
IRC+10216,850,scuba2_00034_20130428T073407,20130428,56410.3164155,2013-04-28T07:35:38.297
IRC+10216,850,scuba2_00038_20130428T090841,20130428,56410.3819636,2013-04-28T09:10:01.653
IRC+10216,850,scuba2_00016_20130504T062216,20130504,56416.2666679,2013-05-04T06:24:00.107
IRC+10216,850,scuba2_00024_20130504T074333,20130504,56416.324644,2013-05-04T07:47:29.241
IRC+10216,850,scuba2_00023_20130508T061241,20130508,56420.2594863,2013-05-08T06:13:39.615
IRC+10216,850,scuba2_00023_20130515T072457,20130515,56427.3098801,2013-05-15T07:26:13.639
IRC+10216,850,scuba2_00025_20130515T081113,20130515,56427.3420303,2013-05-15T08:12:31.421
IRC+10216,850,scuba2_00021_20130525T061519,20130525,56437.2622522,2013-05-25T06:17:38.587
IRC+10216,850,Scuba2_00007_20130612T044742,20130612,56455.200547,2013-06-12T04:48:47.258
IRC+10216,850,Scuba2_00005_20130625T054310,20130625,56468.2390489,2013-06-25T05:44:13.821
IRC+10216,850,Scuba2_00005_20130626T051946,20130626,56469.2227708,2013-06-26T05:20:47.398
IRC+10216,850,Scuba2_00004_20130705T044804,20130705,56478.2007819,2013-07-05T04:49:07.556
IRC+10216,850,Scuba2_00004_20130707T050306,20130707,56480.2112392,2013-07-07T05:04:11.066
IRC+10216,850,scuba2_00066_20130927T181902,20130927,56562.7636642,2013-09-27T18:19:40.583
IRC+10216,850,scuba2_00050_20131102T145753,20131102,56598.6261359,2013-11-02T15:01:38.143
IRC+10216,850,Scuba2_00009_20131108T173932,20131108,56604.7370587,2013-11-08T17:41:21.872
IRC+10216,850,scuba2_00026_20131111T134512,20131111,56607.5756245,2013-11-11T13:48:53.958
IRC+10216,850,scuba2_00025_20131113T144919,20131113,56609.6182161,2013-11-13T14:50:13.874
IRC+10216,850,scuba2_00042_20131117T131246,20131117,56613.5534007,2013-11-17T13:16:53.822
IRC+10216,850,scuba2_00030_20131118T132541,20131118,56614.562109,2013-11-18T13:29:26.214
IRC+10216,850,scuba2_00036_20131118T144301,20131118,56614.6167609,2013-11-18T14:48:08.141
IRC+10216,850,scuba2_00051_20131119T125036,20131119,56615.5380351,2013-11-19T12:54:46.231
IRC+10216,850,scuba2_00057_20131119T142626,20131119,56615.6019412,2013-11-19T14:26:47.718
IRC+10216,850,scuba2_00071_20131119T172928,20131119,56615.7308601,2013-11-19T17:32:26.309
IRC+10216,850,scuba2_00062_20131125T172034,20131125,56621.7244028,2013-11-25T17:23:08.400
IRC+10216,850,scuba2_00065_20131125T181424,20131125,56621.7609231,2013-11-25T18:15:43.759
IRC+10216,850,scuba2_00077_20131126T123618,20131126,56622.52786,2013-11-26T12:40:07.101
IRC+10216,850,scuba2_00045_20131127T130027,20131127,56623.544547,2013-11-27T13:04:08.860
IRC+10216,850,scuba2_00051_20131128T115503,20131128,56624.4968615,2013-11-28T11:55:28.830
IRC+10216,850,scuba2_00056_20131128T133037,20131128,56624.5634352,2013-11-28T13:31:20.805
IRC+10216,850,scuba2_00061_20131129T124949,20131129,56625.5350891,2013-11-29T12:50:31.698
IRC+10216,850,scuba2_00063_20131129T133615,20131129,56625.5673554,2013-11-29T13:36:59.507
IRC+10216,850,scuba2_00066_20131129T142654,20131129,56625.6025841,2013-11-29T14:27:43.268
IRC+10216,850,scuba2_00063_20131206T130842,20131206,56632.5494383,2013-12-06T13:11:11.466
IRC+10216,850,scuba2_00038_20131213T111016,20131213,56639.4659587,2013-12-13T11:10:58.830
IRC+10216,850,scuba2_00024_20131214T111345,20131214,56640.4683737,2013-12-14T11:14:27.486
IRC+10216,850,scuba2_00027_20131214T123902,20131214,56640.5276247,2013-12-14T12:39:46.776
IRC+10216,850,scuba2_00043_20131214T153554,20131214,56640.6524948,2013-12-14T15:39:35.548
IRC+10216,850,scuba2_00024_20131227T102412,20131227,56653.4361633,2013-12-27T10:28:04.511
IRC+10216,850,scuba2_00041_20131227T143821,20131227,56653.6119093,2013-12-27T14:41:08.964
IRC+10216,850,scuba2_00032_20140109T095835,20140109,56666.4169159,2014-01-09T10:00:21.532
IRC+10216,850,scuba2_00046_20140109T155708,20140109,56666.6660793,2014-01-09T15:59:09.251
IRC+10216,850,scuba2_00035_20140110T095258,20140110,56667.413444,2014-01-10T09:55:21.566
IRC+10216,850,scuba2_00054_20140110T153101,20140110,56667.6468719,2014-01-10T15:31:29.733
IRC+10216,850,scuba2_00032_20140111T093618,20140111,56668.400463,2014-01-11T09:36:39.999
IRC+10216,850,scuba2_00033_20140111T095605,20140111,56668.4142377,2014-01-11T09:56:30.134
IRC+10216,850,scuba2_00039_20140111T120056,20140111,56668.5009161,2014-01-11T12:01:19.150
IRC+10216,850,scuba2_00049_20140111T140506,20140111,56668.5885319,2014-01-11T14:07:29.152
IRC+10216,850,scuba2_00030_20140115T101722,20140115,56672.4298885,2014-01-15T10:19:02.365
IRC+10216,850,scuba2_00045_20140115T153037,20140115,56672.6492633,2014-01-15T15:34:56.345
IRC+10216,850,scuba2_00025_20140119T083249,20140119,56676.3578266,2014-01-19T08:35:16.217
IRC+10216,850,scuba2_00030_20140119T100951,20140119,56676.4240054,2014-01-19T10:10:34.065
IRC+10216,850,scuba2_00054_20140119T140919,20140119,56676.5914485,2014-01-19T14:11:41.151
IRC+10216,850,scuba2_00057_20140119T150317,20140119,56676.6277796,2014-01-19T15:04:00.161
IRC+10216,850,scuba2_00030_20140122T083447,20140122,56679.3601661,2014-01-22T08:38:38.352
IRC+10216,850,scuba2_00034_20140122T093432,20140122,56679.3994805,2014-01-22T09:35:15.115
IRC+10216,850,scuba2_00021_20140123T132356,20140123,56680.5609443,2014-01-23T13:27:45.588
IRC+10216,850,scuba2_00028_20140123T151230,20140123,56680.6341754,2014-01-23T15:13:12.756
IRC+10216,850,scuba2_00021_20140126T082128,20140126,56683.3509096,2014-01-26T08:25:18.590
IRC+10216,850,scuba2_00027_20140126T100323,20140126,56683.4195356,2014-01-26T10:04:07.875
IRC+10216,850,scuba2_00032_20140126T112708,20140126,56683.4776349,2014-01-26T11:27:47.658
IRC+10216,850,scuba2_00036_20140126T123808,20140126,56683.5271749,2014-01-26T12:39:07.914
IRC+10216,850,scuba2_00041_20140126T141158,20140126,56683.5921824,2014-01-26T14:12:44.563
IRC+10216,850,scuba2_00023_20140127T080125,20140127,56684.3370448,2014-01-27T08:05:20.668
IRC+10216,850,scuba2_00028_20140127T093555,20140127,56684.4004447,2014-01-27T09:36:38.418
IRC+10216,850,scuba2_00032_20140127T110632,20140127,56684.4634087,2014-01-27T11:07:18.513
IRC+10216,850,scuba2_00036_20140127T122645,20140127,56684.5202039,2014-01-27T12:29:05.620
IRC+10216,850,scuba2_00040_20140127T135936,20140127,56684.5836074,2014-01-27T14:00:23.683
IRC+10216,850,scuba2_00046_20140127T153549,20140127,56684.6503648,2014-01-27T15:36:31.518
IRC+10216,850,scuba2_00030_20140202T134347,20140202,56690.5748057,2014-02-02T13:47:43.209
IRC+10216,850,scuba2_00023_20140203T131658,20140203,56691.5537174,2014-02-03T13:17:21.184
IRC+10216,850,scuba2_00040_20140211T115005,20140211,56699.495234,2014-02-11T11:53:08.220
IRC+10216,850,scuba2_00047_20140211T133938,20140211,56699.5707503,2014-02-11T13:41:52.823
IRC+10216,850,scuba2_00017_20140212T065003,20140212,56700.2875201,2014-02-12T06:54:01.736
IRC+10216,850,scuba2_00024_20140212T083746,20140212,56700.3600608,2014-02-12T08:38:29.250
IRC+10216,850,scuba2_00047_20140212T140309,20140212,56700.5868757,2014-02-12T14:05:06.060
IRC+10216,850,scuba2_00038_20140220T112300,20140220,56708.4761253,2014-02-20T11:25:37.222
IRC+10216,850,scuba2_00045_20140220T130515,20140220,56708.5458282,2014-02-20T13:05:59.553
IRC+10216,850,scuba2_00048_20140220T135504,20140220,56708.5803894,2014-02-20T13:55:45.640
IRC+10216,850,scuba2_00020_20140221T062055,20140221,56709.266591,2014-02-21T06:23:53.466
IRC+10216,850,scuba2_00025_20140221T075606,20140221,56709.3311281,2014-02-21T07:56:49.465
IRC+10216,850,scuba2_00029_20140221T092626,20140221,56709.3938862,2014-02-21T09:27:11.768
IRC+10216,850,scuba2_00013_20140223T061126,20140223,56711.2596976,2014-02-23T06:13:57.871
IRC+10216,850,scuba2_00019_20140223T075316,20140223,56711.3291849,2014-02-23T07:54:01.574
IRC+10216,850,scuba2_00023_20140223T092306,20140223,56711.3915619,2014-02-23T09:23:50.944
IRC+10216,850,scuba2_00030_20140223T110805,20140223,56711.4656484,2014-02-23T11:10:32.019
IRC+10216,850,scuba2_00034_20140223T124226,20140223,56711.5299904,2014-02-23T12:43:11.168
IRC+10216,850,scuba2_00016_20140225T062740,20140225,56713.2727469,2014-02-25T06:32:45.333
IRC+10216,850,scuba2_00023_20140225T081956,20140225,56713.3476981,2014-02-25T08:20:41.113
IRC+10216,850,scuba2_00041_20140225T124544,20140225,56713.5341378,2014-02-25T12:49:09.507
IRC+10216,850,scuba2_00014_20140301T063951,20140301,56717.2793463,2014-03-01T06:42:15.524
IRC+10216,850,scuba2_00021_20140301T083352,20140301,56717.3573965,2014-03-01T08:34:39.059
IRC+10216,850,scuba2_00031_20140301T103517,20140301,56717.4428756,2014-03-01T10:37:44.448
IRC+10216,850,scuba2_00040_20140301T124008,20140301,56717.5283648,2014-03-01T12:40:50.716
IRC+10216,850,scuba2_00036_20140311T101205,20140311,56727.4257601,2014-03-11T10:13:05.672
IRC+10216,850,scuba2_00024_20140313T102301,20140313,56729.4353306,2014-03-13T10:26:52.560
IRC+10216,850,scuba2_00028_20140313T115724,20140313,56729.4986937,2014-03-13T11:58:07.137
IRC+10216,850,scuba2_00014_20140314T070137,20140314,56730.2933085,2014-03-14T07:02:21.855
IRC+10216,850,scuba2_00021_20140314T084728,20140314,56730.3667878,2014-03-14T08:48:10.462
IRC+10216,850,scuba2_00029_20140314T104323,20140314,56730.4484931,2014-03-14T10:45:49.805
IRC+10216,850,Scuba2_00009_20140314T051542,20140314,56730.2219021,2014-03-14T05:19:32.340
IRC+10216,850,scuba2_00010_20140315T050906,20140315,56731.2173241,2014-03-15T05:12:56.802
IRC+10216,850,scuba2_00022_20140315T075742,20140315,56731.3339271,2014-03-15T08:00:51.300
IRC+10216,850,scuba2_00027_20140315T094244,20140315,56731.4053435,2014-03-15T09:43:41.678
IRC+10216,850,scuba2_00013_20140318T063122,20140318,56734.2722918,2014-03-18T06:32:06.015
IRC+10216,850,Scuba2_00009_20140318T045731,20140318,56734.2092906,2014-03-18T05:01:22.709
IRC+10216,850,scuba2_00014_20140319T062654,20140319,56735.2689608,2014-03-19T06:27:18.210
IRC+10216,850,scuba2_00032_20140319T102503,20140319,56735.4343624,2014-03-19T10:25:28.915
IRC+10216,850,Scuba2_00009_20140319T051048,20140319,56735.2184689,2014-03-19T05:14:35.716
IRC+10216,850,scuba2_00028_20140320T064049,20140320,56736.2807594,2014-03-20T06:44:17.614
IRC+10216,850,scuba2_00042_20140320T091950,20140320,56736.3890692,2014-03-20T09:20:15.576
IRC+10216,850,scuba2_00050_20140320T111004,20140320,56736.4668914,2014-03-20T11:12:19.415
IRC+10216,850,scuba2_00015_20140321T055229,20140321,56737.2472844,2014-03-21T05:56:05.374
IRC+10216,850,scuba2_00037_20140321T103954,20140321,56737.4446323,2014-03-21T10:40:16.230
IRC+10216,850,scuba2_00019_20140404T084329,20140404,56751.3641582,2014-04-04T08:44:23.273
IRC+10216,850,Scuba2_00008_20140404T050744,20140404,56751.216211,2014-04-04T05:11:20.629
IRC+10216,850,Scuba2_00009_20140405T045327,20140405,56752.206301,2014-04-05T04:57:04.403
IRC+10216,850,scuba2_00012_20140406T081129,20140406,56753.3428192,2014-04-06T08:13:39.578
IRC+10216,850,Scuba2_00008_20140407T050757,20140407,56754.2163115,2014-04-07T05:11:29.316
IRC+10216,850,scuba2_00044_20140408T103305,20140408,56755.4406607,2014-04-08T10:34:33.083
IRC+10216,850,scuba2_00011_20140409T052442,20140409,56756.2278957,2014-04-09T05:28:10.193
IRC+10216,850,scuba2_00013_20140414T055634,20140414,56761.2481512,2014-04-14T05:57:20.260
IRC+10216,850,scuba2_00022_20140414T072513,20140414,56761.3108201,2014-04-14T07:27:34.856
IRC+10216,850,scuba2_00026_20140414T084421,20140414,56761.3651297,2014-04-14T08:45:47.205
IRC+10216,850,scuba2_00030_20140414T095610,20140414,56761.4145086,2014-04-14T09:56:53.547
IRC+10216,850,scuba2_0009_20140414T044209,20140414,56761.1984019,2014-04-14T04:45:41.927
IRC+10216,850,scuba2_00023_20140415T074813,20140415,56762.3257948,2014-04-15T07:49:08.667
IRC+10216,850,scuba2_00029_20140415T090555,20140415,56762.3796384,2014-04-15T09:06:40.761
IRC+10216,850,scuba2_00034_20140415T094856,20140415,56762.4094902,2014-04-15T09:49:39.949
IRC+10216,850,scuba2_00013_20140416T044444,20140416,56763.2006128,2014-04-16T04:48:52.943
IRC+10216,850,scuba2_00024_20140416T073211,20140416,56763.3154372,2014-04-16T07:34:13.772
IRC+10216,850,scuba2_00029_20140416T090710,20140416,56763.3805068,2014-04-16T09:07:55.790
IRC+10216,850,scuba2_00037_20140416T105115,20140416,56763.4532233,2014-04-16T10:52:38.494
IRC+10216,850,scuba2_00020_20140417T044357,20140417,56764.1974537,2014-04-17T04:44:20.003
IRC+10216,850,scuba2_00034_20140417T082756,20140417,56764.3532865,2014-04-17T08:28:43.955
IRC+10216,850,scuba2_00031_20140509T064106,20140509,56786.2788006,2014-05-09T06:41:28.372
IRC+10216,850,scuba2_00013_20140511T060758,20140511,56788.2570686,2014-05-11T06:10:10.724
IRC+10216,850,scuba2_00019_20140511T074750,20140511,56788.325416,2014-05-11T07:48:35.945
IRC+10216,850,scuba2_00012_20140512T060255,20140512,56789.2523486,2014-05-12T06:03:22.916
IRC+10216,850,scuba2_00012_20140515T060243,20140515,56792.2527364,2014-05-15T06:03:56.423
IRC+10216,850,scuba2_00019_20140515T072025,20140515,56792.3065533,2014-05-15T07:21:26.202
IRC+10216,850,scuba2_00029_20140517T063608,20140517,56794.2763285,2014-05-17T06:37:54.778
IRC+10216,850,scuba2_00035_20140530T065712,20140530,56807.2899592,2014-05-30T06:57:32.471
IRC+10216,850,scuba2_00010_20140601T045551,20140601,56809.2070559,2014-06-01T04:58:09.626
IRC+10216,850,scuba2_00016_20140601T063345,20140601,56809.2739391,2014-06-01T06:34:28.338
IRC+10216,850,scuba2_00012_20140606T055447,20140606,56814.2476798,2014-06-06T05:56:39.533
IRC+10216,850,scuba2_00010_20140607T045659,20140607,56815.2067894,2014-06-07T04:57:46.601
IRC+10216,850,scuba2_00014_20140607T062935,20140607,56815.2710644,2014-06-07T06:30:19.960
IRC+10216,850,scuba2_00011_20140614T053221,20140614,56822.2321013,2014-06-14T05:34:13.548
IRC+10216,850,scuba2_0008_20140615T050823,20140615,56823.2155712,2014-06-15T05:10:25.353
IRC+10216,850,scuba2_0009_20140618T051700,20140618,56826.2214672,2014-06-18T05:18:54.770
IRC+10216,850,scuba2_00014_20140619T055219,20140619,56827.2449253,2014-06-19T05:52:41.548
IRC+10216,850,scuba2_0009_20140619T050434,20140619,56827.2128805,2014-06-19T05:06:32.875
IRC+10216,850,scuba2_00014_20140620T052812,20140620,56828.228422,2014-06-20T05:28:55.660
IRC+10216,850,scuba2_0009_20140620T035416,20140620,56828.1643025,2014-06-20T03:56:35.735
IRC+10216,850,scuba2_00021_20140621T034825,20140621,56829.1602398,2014-06-21T03:50:44.720
IRC+10216,850,scuba2_00026_20140621T052605,20140621,56829.226956,2014-06-21T05:26:49.000
IRC+10216,850,scuba2_00078_20140824T181552,20140824,56893.7637976,2014-08-24T18:19:52.113
IRC+10216,850,scuba2_00085_20140824T193016,20140824,56893.8152237,2014-08-24T19:33:55.326
IRC+10216,850,scuba2_00046_20140825T181136,20140825,56894.7597706,2014-08-25T18:14:04.184
IRC+10216,850,scuba2_00086_20140828T175519,20140828,56897.7495043,2014-08-28T17:59:17.176
IRC+10216,850,scuba2_00046_20141016T191629,20141016,56946.8033749,2014-10-16T19:16:51.596
IRC+10216,850,scuba2_00057_20141024T145012,20141024,56954.6184441,2014-10-24T14:50:33.574
IRC+10216,850,scuba2_00077_20141024T185913,20141024,56954.7927671,2014-10-24T19:01:35.080
IRC+10216,850,scuba2_00082_20141024T200530,20141024,56954.8394981,2014-10-24T20:08:52.634
IRC+10216,850,scuba2_00049_20141026T145806,20141026,56956.6253768,2014-10-26T15:00:32.557
IRC+10216,850,scuba2_00057_20141027T143529,20141027,56957.6086869,2014-10-27T14:36:30.552
IRC+10216,850,scuba2_00073_20141027T180710,20141027,56957.7552721,2014-10-27T18:07:35.511
IRC+10216,850,scuba2_00050_20141028T141433,20141028,56958.5949936,2014-10-28T14:16:47.443
IRC+10216,850,scuba2_00055_20141028T155032,20141028,56958.6606218,2014-10-28T15:51:17.721
IRC+10216,850,scuba2_00071_20141028T185631,20141028,56958.7909344,2014-10-28T18:58:56.734
IRC+10216,850,scuba2_00047_20141029T134024,20141029,56959.5718068,2014-10-29T13:43:24.106
IRC+10216,850,scuba2_00052_20141029T152229,20141029,56959.6411234,2014-10-29T15:23:13.063
IRC+10216,850,scuba2_00066_20141029T185203,20141029,56959.7863942,2014-10-29T18:52:24.456
IRC+10216,850,scuba2_00051_20141030T160725,20141030,56960.6742836,2014-10-30T16:10:58.103
IRC+10216,850,scuba2_00054_20141031T135757,20141031,56961.5847685,2014-10-31T14:02:03.998
IRC+10216,850,scuba2_00059_20141031T153737,20141031,56961.651664,2014-10-31T15:38:23.769
IRC+10216,850,scuba2_00072_20141031T184458,20141031,56961.782712,2014-10-31T18:47:06.315
IRC+10216,850,scuba2_00049_20141109T135051,20141109,56970.5772894,2014-11-09T13:51:17.802
IRC+10216,850,scuba2_00055_20141109T153202,20141109,56970.6478029,2014-11-09T15:32:50.168
IRC+10216,850,scuba2_00082_20141109T203204,20141109,56970.8577081,2014-11-09T20:35:05.976
IRC+10216,850,scuba2_00058_20141112T135550,20141112,56973.580696,2014-11-12T13:56:12.134
IRC+10216,850,scuba2_00074_20141116T183444,20141116,56977.7762913,2014-11-16T18:37:51.572
IRC+10216,850,scuba2_00071_20141118T122925,20141118,56979.5234441,2014-11-18T12:33:45.567
IRC+10216,850,scuba2_00076_20141118T140805,20141118,56979.5894755,2014-11-18T14:08:50.686
IRC+10216,850,scuba2_00098_20141118T181736,20141118,56979.7644324,2014-11-18T18:20:46.956
IRC+10216,850,scuba2_00058_20141120T124330,20141120,56981.5329155,2014-11-20T12:47:23.898
IRC+10216,850,scuba2_00062_20141120T141659,20141120,56981.5956597,2014-11-20T14:17:44.997
IRC+10216,850,scuba2_00086_20141120T192234,20141120,56981.8080501,2014-11-20T19:23:35.529
IRC+10216,850,scuba2_00060_20141121T173007,20141121,56982.7296017,2014-11-21T17:30:37.583
IRC+10216,850,scuba2_00066_20141121T184547,20141121,56982.7841589,2014-11-21T18:49:11.333
IRC+10216,850,scuba2_00063_20141122T170723,20141122,56983.7140316,2014-11-22T17:08:12.332
IRC+10216,850,scuba2_00069_20141122T185350,20141122,56983.787696,2014-11-22T18:54:16.931
IRC+10216,850,scuba2_00042_20141123T124050,20141123,56984.531025,2014-11-23T12:44:40.563
IRC+10216,850,scuba2_00051_20141123T144651,20141123,56984.6182434,2014-11-23T14:50:16.231
IRC+10216,850,scuba2_00067_20141123T183357,20141123,56984.7757252,2014-11-23T18:37:02.659
IRC+10216,850,scuba2_00072_20141123T192636,20141123,56984.8104022,2014-11-23T19:26:58.750
IRC+10216,850,scuba2_00062_20141124T170639,20141124,56985.7132212,2014-11-24T17:07:02.308
IRC+10216,850,scuba2_00067_20141124T180519,20141124,56985.7560409,2014-11-24T18:08:41.936
IRC+10216,850,scuba2_00073_20141124T190404,20141124,56985.7948091,2014-11-24T19:04:31.503
IRC+10216,850,scuba2_00039_20141125T122007,20141125,56986.515582,2014-11-25T12:22:26.282
IRC+10216,850,scuba2_00047_20141125T141250,20141125,56986.592786,2014-11-25T14:13:36.709
IRC+10216,850,scuba2_00062_20141125T165154,20141125,56986.702952,2014-11-25T16:52:15.050
IRC+10216,850,scuba2_00069_20141125T175712,20141125,56986.7483001,2014-11-25T17:57:33.128
IRC+10216,850,scuba2_00075_20141125T185224,20141125,56986.7866755,2014-11-25T18:52:48.765
IRC+10216,850,scuba2_00041_20141126T141720,20141126,56987.5977912,2014-11-26T14:20:49.160
IRC+10216,850,scuba2_00041_20141127T123630,20141127,56988.5279874,2014-11-27T12:40:18.107
IRC+10216,850,scuba2_00046_20141127T141044,20141127,56988.5913513,2014-11-27T14:11:32.752
IRC+10216,850,scuba2_00050_20141127T143143,20141127,56988.6063218,2014-11-27T14:33:06.200
IRC+10216,850,scuba2_00060_20141127T164315,20141127,56988.6978502,2014-11-27T16:44:54.260
IRC+10216,850,scuba2_00069_20141127T184222,20141127,56988.7815303,2014-11-27T18:45:24.221
IRC+10216,850,scuba2_00043_20141128T121557,20141128,56989.5137437,2014-11-28T12:19:47.460
IRC+10216,850,scuba2_00049_20141128T135508,20141128,56989.5802087,2014-11-28T13:55:30.034
IRC+10216,850,scuba2_00059_20141128T162657,20141128,56989.6863389,2014-11-28T16:28:19.680
IRC+10216,850,scuba2_00068_20141128T182739,20141128,56989.771344,2014-11-28T18:30:44.120
IRC+10216,850,scuba2_00039_20141129T121108,20141129,56990.5082265,2014-11-29T12:11:50.769
IRC+10216,850,scuba2_00048_20141129T135108,20141129,56990.5777185,2014-11-29T13:51:54.879
IRC+10216,850,scuba2_00053_20141129T144148,20141129,56990.6129215,2014-11-29T14:42:36.415
IRC+10216,850,scuba2_00068_20141129T182509,20141129,56990.7678017,2014-11-29T18:25:38.065
IRC+10216,850,scuba2_00037_20141130T120028,20141130,56991.5008278,2014-11-30T12:01:11.526
IRC+10216,850,scuba2_00042_20141130T133628,20141130,56991.5675418,2014-11-30T13:37:15.610
IRC+10216,850,scuba2_00057_20141130T163739,20141130,56991.6942465,2014-11-30T16:39:42.898
IRC+10216,850,scuba2_00040_20141201T122136,20141201,56992.5176299,2014-12-01T12:25:23.226
IRC+10216,850,scuba2_00045_20141201T133808,20141201,56992.5687042,2014-12-01T13:38:56.043
IRC+10216,850,scuba2_00060_20141201T162110,20141201,56992.6821129,2014-12-01T16:22:14.556
IRC+10216,850,scuba2_00071_20141201T181103,20141201,56992.7597837,2014-12-01T18:14:05.313
IRC+10216,850,scuba2_00042_20141202T122157,20141202,56993.5176226,2014-12-02T12:25:22.595
IRC+10216,850,scuba2_00047_20141202T135731,20141202,56993.5821784,2014-12-02T13:58:20.211
IRC+10216,850,scuba2_00063_20141202T161331,20141202,56993.677659,2014-12-02T16:15:49.740
IRC+10216,850,scuba2_00067_20141202T172526,20141202,56993.7265922,2014-12-02T17:26:17.568
IRC+10216,850,scuba2_00072_20141202T182644,20141202,56993.7706873,2014-12-02T18:29:47.385
IRC+10216,850,scuba2_00024_20141206T164713,20141206,56997.6997593,2014-12-06T16:47:39.208
IRC+10216,850,scuba2_00030_20141206T175323,20141206,56997.7456668,2014-12-06T17:53:45.610
IRC+10216,850,scuba2_00048_20141207T113215,20141207,56998.481491,2014-12-07T11:33:20.825
IRC+10216,850,scuba2_00054_20141207T130352,20141207,56998.544866,2014-12-07T13:04:36.421
IRC+10216,850,scuba2_00066_20141207T155740,20141207,56998.6666224,2014-12-07T15:59:56.173
IRC+10216,850,scuba2_00075_20141207T171951,20141207,56998.7223655,2014-12-07T17:20:12.376
IRC+10216,850,scuba2_00081_20141207T182651,20141207,56998.7710303,2014-12-07T18:30:17.021
IRC+10216,850,scuba2_00036_20141208T112213,20141208,56999.4765161,2014-12-08T11:26:10.989
IRC+10216,850,scuba2_00040_20141208T125936,20141208,56999.5419277,2014-12-08T13:00:22.552
IRC+10216,850,scuba2_00055_20141208T163127,20141208,56999.6898774,2014-12-08T16:33:25.411
IRC+10216,850,scuba2_00063_20141208T183602,20141208,56999.777116,2014-12-08T18:39:02.824
IRC+10216,850,scuba2_00068_20141208T193519,20141208,56999.8164593,2014-12-08T19:35:42.082
IRC+10216,850,scuba2_00036_20141209T105540,20141209,57000.4573816,2014-12-09T10:58:37.766
IRC+10216,850,scuba2_00043_20141209T124339,20141209,57000.5328261,2014-12-09T12:47:16.174
IRC+10216,850,scuba2_00057_20141209T161722,20141209,57000.6789698,2014-12-09T16:17:42.989
IRC+10216,850,scuba2_00065_20141209T172800,20141209,57000.7281288,2014-12-09T17:28:30.326
IRC+10216,850,scuba2_00074_20141209T185445,20141209,57000.7900978,2014-12-09T18:57:44.446
IRC+10216,850,scuba2_00056_20141211T183513,20141211,57002.7747133,2014-12-11T18:35:35.226
IRC+10216,850,scuba2_00054_20141213T151742,20141213,57004.6375537,2014-12-13T15:18:04.637
IRC+10216,850,scuba2_00059_20141213T170230,20141213,57004.7107511,2014-12-13T17:03:28.895
IRC+10216,850,scuba2_00047_20141214T131902,20141214,57005.5551599,2014-12-14T13:19:25.817
IRC+10216,850,scuba2_00059_20141214T153104,20141214,57005.6480611,2014-12-14T15:33:12.479
IRC+10216,850,scuba2_00035_20141215T121004,20141215,57006.5078644,2014-12-15T12:11:19.480
IRC+10216,850,scuba2_00050_20141216T152728,20141216,57007.645531,2014-12-16T15:29:33.880
IRC+10216,850,scuba2_00055_20141216T162600,20141216,57007.6853217,2014-12-16T16:26:51.794
IRC+10216,850,scuba2_00064_20141217T155341,20141217,57008.6636042,2014-12-17T15:55:35.403
IRC+10216,850,scuba2_00070_20141217T174236,20141217,57008.7384141,2014-12-17T17:43:18.980
IRC+10216,850,scuba2_00053_20141218T151044,20141218,57009.6327253,2014-12-18T15:11:07.463
IRC+10216,850,scuba2_00057_20141218T164050,20141218,57009.6956523,2014-12-18T16:41:44.362
IRC+10216,850,scuba2_00060_20141218T174747,20141218,57009.7424464,2014-12-18T17:49:07.372
IRC+10216,850,scuba2_00039_20141219T103437,20141219,57010.4434522,2014-12-19T10:38:34.272
IRC+10216,850,scuba2_00044_20141219T121106,20141219,57010.5082168,2014-12-19T12:11:49.928
IRC+10216,850,scuba2_00058_20141219T153023,20141219,57010.6467509,2014-12-19T15:31:19.276
IRC+10216,850,scuba2_00067_20141219T165158,20141219,57010.7050887,2014-12-19T16:55:19.667
IRC+10216,850,scuba2_00030_20141220T103458,20141220,57011.4436823,2014-12-20T10:38:54.152
IRC+10216,850,scuba2_00034_20141220T115846,20141220,57011.4996458,2014-12-20T11:59:29.399
IRC+10216,850,scuba2_00048_20141220T154109,20141220,57011.6542709,2014-12-20T15:42:09.004
IRC+10216,850,scuba2_00030_20141221T101406,20141221,57012.4296901,2014-12-21T10:18:45.225
IRC+10216,850,scuba2_00034_20141221T114218,20141221,57012.488187,2014-12-21T11:42:59.359
IRC+10216,850,scuba2_00040_20141221T132720,20141221,57012.56119,2014-12-21T13:28:06.815
IRC+10216,850,scuba2_00046_20141221T151222,20141221,57012.6342615,2014-12-21T15:13:20.195
IRC+10216,850,scuba2_00055_20141221T162329,20141221,57012.6852753,2014-12-21T16:26:47.786
IRC+10216,850,scuba2_00037_20141222T101323,20141222,57013.4287533,2014-12-22T10:17:24.286
IRC+10216,850,scuba2_00041_20141222T113800,20141222,57013.4852171,2014-12-22T11:38:42.759
IRC+10216,850,scuba2_00048_20141222T132331,20141222,57013.55854,2014-12-22T13:24:17.853
IRC+10216,850,scuba2_00054_20141222T150854,20141222,57013.6318584,2014-12-22T15:09:52.562
IRC+10216,850,scuba2_00063_20141222T161305,20141222,57013.6780797,2014-12-22T16:16:26.086
IRC+10216,850,scuba2_00025_20141226T125110,20141226,57017.5378323,2014-12-26T12:54:28.709
IRC+10216,850,scuba2_00032_20141226T143306,20141226,57017.6070406,2014-12-26T14:34:08.306
IRC+10216,850,scuba2_00040_20141226T161943,20141226,57017.6808756,2014-12-26T16:20:27.652
IRC+10216,850,scuba2_00035_20141227T101113,20141227,57018.4247337,2014-12-27T10:11:36.994
IRC+10216,850,scuba2_00042_20141227T120046,20141227,57018.5010493,2014-12-27T12:01:30.657
IRC+10216,850,scuba2_00050_20141227T135238,20141227,57018.5796744,2014-12-27T13:54:43.865
IRC+10216,850,scuba2_00053_20141227T144848,20141227,57018.6179036,2014-12-27T14:49:46.872
IRC+10216,850,scuba2_00054_20141227T150545,20141227,57018.6293191,2014-12-27T15:06:13.173
IRC+10216,850,scuba2_00020_20141228T133217,20141228,57019.5645381,2014-12-28T13:32:56.092
IRC+10216,850,scuba2_00029_20141228T152430,20141228,57019.6426188,2014-12-28T15:25:22.267
IRC+10216,850,scuba2_00040_20150101T144532,20150101,57023.6152261,2015-01-01T14:45:55.536
IRC+10216,850,scuba2_00026_20150107T091731,20150107,57029.3892473,2015-01-07T09:20:30.965
IRC+10216,850,scuba2_00034_20150107T110717,20150107,57029.4658549,2015-01-07T11:10:49.860
IRC+10216,850,scuba2_00043_20150107T125812,20150107,57029.540886,2015-01-07T12:58:52.549
IRC+10216,850,scuba2_00049_20150107T143728,20150107,57029.6099953,2015-01-07T14:38:23.595
IRC+10216,850,scuba2_00027_20150108T085702,20150108,57030.3752486,2015-01-08T09:00:21.480
IRC+10216,850,scuba2_00034_20150108T105953,20150108,57030.458772,2015-01-08T11:00:37.903
IRC+10216,850,scuba2_00041_20150108T122440,20150108,57030.5192665,2015-01-08T12:27:44.625
IRC+10216,850,scuba2_00045_20150108T133907,20150108,57030.5695439,2015-01-08T13:40:08.591
IRC+10216,850,scuba2_00050_20150108T145253,20150108,57030.6206266,2015-01-08T14:53:42.139
IRC+10216,850,scuba2_00055_20150108T160756,20150108,57030.6726777,2015-01-08T16:08:39.357
IRC+10216,850,scuba2_00030_20150112T094819,20150112,57034.4088179,2015-01-12T09:48:41.869
IRC+10216,850,scuba2_00036_20150112T113754,20150112,57034.4851947,2015-01-12T11:38:40.825
IRC+10216,850,scuba2_00044_20150112T135354,20150112,57034.579775,2015-01-12T13:54:52.559
IRC+10216,850,scuba2_00034_20150113T104953,20150113,57035.4536037,2015-01-13T10:53:11.361
IRC+10216,850,scuba2_00040_20150113T123324,20150113,57035.5236646,2015-01-13T12:34:04.624
IRC+10216,850,scuba2_00048_20150113T142850,20150113,57035.604016,2015-01-13T14:29:46.983
IRC+10216,850,scuba2_00043_20150114T111009,20150114,57036.4676227,2015-01-14T11:13:22.600
IRC+10216,850,scuba2_00053_20150114T141101,20150114,57036.5915864,2015-01-14T14:11:53.068
IRC+10216,850,scuba2_00062_20150114T155707,20150114,57036.6652029,2015-01-14T15:57:53.529
IRC+10216,850,scuba2_00036_20150115T103528,20150115,57037.4415408,2015-01-15T10:35:49.122
IRC+10216,850,scuba2_00046_20150115T122717,20150115,57037.5194241,2015-01-15T12:27:58.245
IRC+10216,850,scuba2_00051_20150115T140511,20150115,57037.5875637,2015-01-15T14:06:05.502
IRC+10216,850,scuba2_00055_20150115T145742,20150115,57037.6239533,2015-01-15T14:58:29.567
IRC+10216,850,scuba2_00034_20150116T092317,20150116,57038.3927431,2015-01-16T09:25:33.004
IRC+10216,850,scuba2_00039_20150116T103837,20150116,57038.4439964,2015-01-16T10:39:21.287
IRC+10216,850,scuba2_00047_20150116T120808,20150116,57038.5076146,2015-01-16T12:10:57.904
IRC+10216,850,scuba2_00051_20150116T132210,20150116,57038.5577449,2015-01-16T13:23:09.163
IRC+10216,850,scuba2_00057_20150116T144040,20150116,57038.6121718,2015-01-16T14:41:31.640
IRC+10216,850,scuba2_00061_20150116T155142,20150116,57038.6614025,2015-01-16T15:52:25.172
IRC+10216,850,scuba2_00030_20150117T093727,20150117,57039.4040221,2015-01-17T09:41:47.512
IRC+10216,850,scuba2_00035_20150117T105923,20150117,57039.4584317,2015-01-17T11:00:08.500
IRC+10216,850,scuba2_00041_20150117T123838,20150117,57039.5274482,2015-01-17T12:39:31.523
IRC+10216,850,scuba2_00048_20150117T142452,20150117,57039.6011878,2015-01-17T14:25:42.630
IRC+10216,850,scuba2_00044_20150119T140102,20150119,57041.5846323,2015-01-19T14:01:52.234
IRC+10216,850,scuba2_00026_20150120T081526,20150120,57042.3468517,2015-01-20T08:19:27.991
IRC+10216,850,scuba2_00031_20150120T095419,20150120,57042.4132176,2015-01-20T09:55:02.003
IRC+10216,850,scuba2_00036_20150120T112708,20150120,57042.4777304,2015-01-20T11:27:55.909
IRC+10216,850,scuba2_00041_20150120T130015,20150120,57042.5425461,2015-01-20T13:01:15.987
IRC+10216,850,scuba2_00046_20150120T143407,20150120,57042.6075795,2015-01-20T14:34:54.871
IRC+10216,850,scuba2_00019_20150121T083056,20150121,57043.3550857,2015-01-21T08:31:19.406
IRC+10216,850,scuba2_00039_20150122T083554,20150122,57044.359736,2015-01-22T08:38:01.194
IRC+10216,850,scuba2_00046_20150122T102633,20150122,57044.4356483,2015-01-22T10:27:20.010
IRC+10216,850,scuba2_00058_20150122T134812,20150122,57044.5774261,2015-01-22T13:51:29.619
IRC+10216,850,scuba2_00063_20150122T152344,20150122,57044.6419904,2015-01-22T15:24:27.970
IRC+10216,850,scuba2_00035_20150123T094415,20150123,57045.4062321,2015-01-23T09:44:58.452
IRC+10216,850,scuba2_00040_20150123T111649,20150123,57045.4705573,2015-01-23T11:17:36.155
IRC+10216,850,scuba2_00052_20150123T132324,20150123,57045.5601578,2015-01-23T13:26:37.631
IRC+10216,850,scuba2_00057_20150123T145830,20150123,57045.6244578,2015-01-23T14:59:13.152
IRC+10216,850,scuba2_00023_20150124T083212,20150124,57046.3583431,2015-01-24T08:36:00.842
IRC+10216,850,scuba2_00027_20150124T100555,20150124,57046.4212982,2015-01-24T10:06:40.169
IRC+10216,850,scuba2_00043_20150124T134352,20150124,57046.5727504,2015-01-24T13:44:45.634
IRC+10216,850,scuba2_00050_20150124T160315,20150124,57046.6694245,2015-01-24T16:03:58.273
IRC+10216,850,scuba2_00023_20150125T082011,20150125,57047.3500657,2015-01-25T08:24:05.674
IRC+10216,850,scuba2_00035_20150125T113633,20150125,57047.4848173,2015-01-25T11:38:08.211
IRC+10216,850,scuba2_00038_20150125T122742,20150125,57047.5199466,2015-01-25T12:28:43.386
IRC+10216,850,scuba2_00015_20150126T100225,20150126,57048.4212008,2015-01-26T10:06:31.747
IRC+10216,850,scuba2_00020_20150126T114114,20150126,57048.4874465,2015-01-26T11:41:55.380
IRC+10216,850,scuba2_00026_20150126T132003,20150126,57048.5558578,2015-01-26T13:20:26.111
IRC+10216,850,scuba2_00032_20150126T145846,20150126,57048.6246496,2015-01-26T14:59:29.725
IRC+10216,850,scuba2_00035_20150126T154820,20150126,57048.6590409,2015-01-26T15:49:01.137
IRC+10216,850,scuba2_00022_20150406T093559,20150406,57118.4020457,2015-04-06T09:38:56.746
IRC+10216,850,scuba2_00047_20150407T094920,20150407,57119.4116256,2015-04-07T09:52:44.452
IRC+10216,850,scuba2_00054_20150407T112053,20150407,57119.4752661,2015-04-07T11:24:22.989
IRC+10216,850,scuba2_00019_20150408T064435,20150408,57120.2812782,2015-04-08T06:45:02.440
IRC+10216,850,scuba2_00023_20150408T071926,20150408,57120.3056485,2015-04-08T07:20:08.033
IRC+10216,850,scuba2_00031_20150408T083019,20150408,57120.3558285,2015-04-08T08:32:23.581
IRC+10216,850,scuba2_00014_20150427T065423,20150427,57139.2881038,2015-04-27T06:54:52.165
IRC+10216,850,scuba2_00015_20150428T072719,20150428,57140.31291,2015-04-28T07:30:35.428
IRC+10216,850,scuba2_00031_20150429T064231,20150429,57141.2804986,2015-04-29T06:43:55.079
IRC+10216,850,scuba2_00038_20150505T073640,20150505,57147.3173947,2015-05-05T07:37:02.903
IRC+10216,850,scuba2_00022_20150509T071438,20150509,57151.3030373,2015-05-09T07:16:22.419
IRC+10216,850,scuba2_00025_20150519T064832,20150519,57161.2860296,2015-05-19T06:51:52.959
IRC+10216,850,scuba2_00026_20150520T063554,20150520,57162.2755012,2015-05-20T06:36:43.307
IRC+10216,850,Scuba2_00009_20150622T051128,20150622,57195.2186497,2015-06-22T05:14:51.334
IRC+10216,850,scuba2_00068_20151108T181924,20151108,57334.7650397,2015-11-08T18:21:39.431
IRC+10216,850,scuba2_00045_20151217T102142,20151217,57373.4345756,2015-12-17T10:25:47.331
IRC+10216,850,scuba2_00049_20151217T111057,20151217,57373.4661896,2015-12-17T11:11:18.779
IRC+10216,850,scuba2_00060_20151217T134243,20151217,57373.5719,2015-12-17T13:43:32.158
IRC+10216,850,scuba2_00046_20151218T112617,20151218,57374.476851,2015-12-18T11:26:39.923
IRC+10216,850,scuba2_00023_20151231T102428,20151231,57387.4339375,2015-12-31T10:24:52.198
IRC+10216,850,scuba2_00040_20151231T142556,20151231,57387.6020417,2015-12-31T14:26:56.400
IRC+10216,850,scuba2_00046_20151231T154355,20151231,57387.6558023,2015-12-31T15:44:21.317
IRC+10216,850,scuba2_00017_20160101T095052,20160101,57388.4130653,2016-01-01T09:54:48.841
IRC+10216,850,scuba2_00021_20160101T110628,20160101,57388.4633274,2016-01-01T11:07:11.491
IRC+10216,850,scuba2_00028_20160101T122227,20160101,57388.5161538,2016-01-01T12:23:15.685
IRC+10216,850,scuba2_00041_20160101T150628,20160101,57388.6301058,2016-01-01T15:07:21.145
IRC+10216,850,scuba2_00030_20160102T111231,20160102,57389.4695477,2016-01-02T11:16:08.919
IRC+10216,850,scuba2_00038_20160102T131224,20160102,57389.550564,2016-01-02T13:12:48.733
IRC+10216,850,scuba2_00048_20160102T152823,20160102,57389.6449652,2016-01-02T15:28:44.993
IRC+10216,850,scuba2_00056_20160102T164836,20160102,57389.7007415,2016-01-02T16:49:04.067
IRC+10216,850,scuba2_00035_20160103T094826,20160103,57390.4113508,2016-01-03T09:52:20.708
IRC+10216,850,scuba2_00038_20160103T111910,20160103,57390.4721565,2016-01-03T11:19:54.321
IRC+10216,850,scuba2_00031_20160105T094117,20160105,57392.4039247,2016-01-05T09:41:39.090
IRC+10216,850,scuba2_00047_20160105T124100,20160105,57392.5305909,2016-01-05T12:44:03.057
IRC+10216,850,scuba2_00035_20160107T102052,20160107,57394.4314206,2016-01-07T10:21:14.740
IRC+10216,850,scuba2_00039_20160107T113224,20160107,57394.4813721,2016-01-07T11:33:10.553
IRC+10216,850,scuba2_00036_20160110T093911,20160110,57397.4059054,2016-01-10T09:44:30.224
IRC+10216,850,scuba2_00043_20160110T110510,20160110,57397.4625547,2016-01-10T11:06:04.730
IRC+10216,850,scuba2_00034_20160115T102640,20160115,57402.4354533,2016-01-15T10:27:03.164
IRC+10216,850,scuba2_00057_20160116T153935,20160116,57403.6527525,2016-01-16T15:39:57.816
IRC+10216,850,scuba2_00031_20160117T080329,20160117,57404.3360145,2016-01-17T08:03:51.650
IRC+10216,850,scuba2_00037_20160117T085838,20160117,57404.3743059,2016-01-17T08:59:00.028
IRC+10216,850,scuba2_00045_20160117T100414,20160117,57404.4203412,2016-01-17T10:05:17.477
IRC+10216,850,scuba2_00031_20160119T105713,20160119,57406.4588173,2016-01-19T11:00:41.818
IRC+10216,850,scuba2_00027_20160120T085232,20160120,57407.3700672,2016-01-20T08:52:53.804
IRC+10216,850,scuba2_00036_20160120T103546,20160120,57407.4417596,2016-01-20T10:36:08.026
IRC+10216,850,scuba2_00049_20160120T131939,20160120,57407.5555756,2016-01-20T13:20:01.729
IRC+10216,850,scuba2_00040_20160121T085822,20160121,57408.3755501,2016-01-21T09:00:47.531
IRC+10216,850,scuba2_00045_20160121T103608,20160121,57408.4423012,2016-01-21T10:36:54.819
IRC+10216,850,scuba2_00049_20160121T112932,20160121,57408.479338,2016-01-21T11:30:14.806
IRC+10216,850,scuba2_00062_20160121T132107,20160121,57408.5565915,2016-01-21T13:21:29.507
IRC+10216,850,scuba2_00071_20160121T151038,20160121,57408.6340626,2016-01-21T15:13:03.009
IRC+10216,850,scuba2_00040_20160122T092612,20160122,57409.3955721,2016-01-22T09:29:37.430
IRC+10216,850,scuba2_00059_20160122T130954,20160122,57409.550716,2016-01-22T13:13:01.867
IRC+10216,850,scuba2_00068_20160122T150550,20160122,57409.630747,2016-01-22T15:08:16.543
IRC+10216,850,scuba2_00032_20160123T083732,20160123,57410.3631167,2016-01-23T08:42:53.284
IRC+10216,850,scuba2_00038_20160123T102446,20160123,57410.4344095,2016-01-23T10:25:32.980
IRC+10216,850,scuba2_00053_20160123T131952,20160123,57410.5572372,2016-01-23T13:22:25.294
IRC+10216,850,scuba2_00058_20160123T150107,20160123,57410.6263043,2016-01-23T15:01:52.689
IRC+10216,850,scuba2_00023_20160203T075118,20160203,57421.3299859,2016-02-03T07:55:10.781
IRC+10216,850,scuba2_00026_20160206T075306,20160206,57424.3318124,2016-02-06T07:57:48.588
IRC+10216,850,scuba2_00022_20160216T063514,20160216,57434.2761742,2016-02-16T06:37:41.447
IRC+10216,850,scuba2_00022_20160221T070009,20160221,57439.2920292,2016-02-21T07:00:31.324
IRC+10216,850,scuba2_00012_20160222T064321,20160222,57440.280599,2016-02-22T06:44:03.755
IRC+10216,850,scuba2_00010_20160223T065815,20160223,57441.2930701,2016-02-23T07:02:01.259
IRC+10216,850,Scuba2_00009_20160224T065727,20160224,57442.2925464,2016-02-24T07:01:16.009
IRC+10216,850,scuba2_00018_20160227T065211,20160227,57445.2869306,2016-02-27T06:53:10.805
IRC+10216,850,scuba2_00016_20160228T064249,20160228,57446.2827806,2016-02-28T06:47:12.246
IRC+10216,850,scuba2_00023_20160229T060423,20160229,57447.254577,2016-02-29T06:06:35.457
IRC+10216,850,scuba2_00029_20160229T072738,20160229,57447.3133673,2016-02-29T07:31:14.931
IRC+10216,850,scuba2_00022_20160301T060156,20160301,57448.2517945,2016-03-01T06:02:35.047
IRC+10216,850,scuba2_00013_20160302T063936,20160302,57449.2778333,2016-03-02T06:40:04.795
IRC+10216,850,scuba2_00019_20160303T065325,20160303,57450.2874203,2016-03-03T06:53:53.115
IRC+10216,850,scuba2_00014_20160304T060753,20160304,57451.2557221,2016-03-04T06:08:14.386
IRC+10216,850,scuba2_00019_20160305T053820,20160305,57452.2355866,2016-03-05T05:39:14.680
IRC+10216,850,scuba2_00025_20160305T072553,20160305,57452.3101511,2016-03-05T07:26:37.055
IRC+10216,850,scuba2_00043_20160305T113354,20160305,57452.4824232,2016-03-05T11:34:41.362
IRC+10216,850,scuba2_00017_20160306T063623,20160306,57453.2757647,2016-03-06T06:37:06.066
IRC+10216,850,scuba2_00015_20160307T055635,20160307,57454.2496725,2016-03-07T05:59:31.708
IRC+10216,850,scuba2_00020_20160307T071024,20160307,57454.2993308,2016-03-07T07:11:02.178
IRC+10216,850,scuba2_00012_20160310T051648,20160310,57457.2226765,2016-03-10T05:20:39.250
IRC+10216,850,scuba2_00015_20160310T060915,20160310,57457.2568515,2016-03-10T06:09:51.968
IRC+10216,850,scuba2_00019_20160311T063507,20160311,57458.276648,2016-03-11T06:38:22.391
IRC+10216,850,scuba2_00025_20160312T054804,20160312,57459.2442779,2016-03-12T05:51:45.610
IRC+10216,850,scuba2_00027_20160313T060354,20160313,57460.2529575,2016-03-13T06:04:15.524
IRC+10216,850,scuba2_00012_20160317T071138,20160317,57464.3021199,2016-03-17T07:15:03.161
IRC+10216,850,scuba2_00023_20160319T060518,20160319,57466.2544669,2016-03-19T06:06:25.939
IRC+10216,850,Scuba2_00008_20160322T041708,20160322,57469.1813453,2016-03-22T04:21:08.233
IRC+10216,850,scuba2_00024_20160325T072534,20160325,57472.3115589,2016-03-25T07:28:38.686
IRC+10216,850,scuba2_00019_20160328T065521,20160328,57475.2911967,2016-03-28T06:59:19.398
IRC+10216,850,scuba2_00012_20160329T052456,20160329,57476.2274675,2016-03-29T05:27:33.191
IRC+10216,850,scuba2_00017_20160331T061147,20160331,57478.2590558,2016-03-31T06:13:02.422
IRC+10216,850,scuba2_00017_20160401T053559,20160401,57479.2352297,2016-04-01T05:38:43.849
IRC+10216,850,Scuba2_00008_20160401T043313,20160401,57479.1899942,2016-04-01T04:33:35.500
IRC+10216,850,scuba2_00011_20160402T051353,20160402,57480.2184202,2016-04-02T05:14:31.503
IRC+10216,850,scuba2_00016_20160402T061020,20160402,57480.2576635,2016-04-02T06:11:02.128
IRC+10216,850,Scuba2_00008_20160402T041935,20160402,57480.1828449,2016-04-02T04:23:17.801
IRC+10216,850,scuba2_00012_20160403T050630,20160403,57481.2133526,2016-04-03T05:07:13.669
IRC+10216,850,scuba2_00016_20160403T055908,20160403,57481.2499471,2016-04-03T05:59:55.427
IRC+10216,850,Scuba2_00008_20160403T041128,20160403,57481.1772909,2016-04-03T04:15:17.933
IRC+10216,850,scuba2_00012_20160404T052200,20160404,57482.2246374,2016-04-04T05:23:28.670
IRC+10216,850,Scuba2_00009_20160404T042857,20160404,57482.1893592,2016-04-04T04:32:40.636
IRC+10216,850,scuba2_00010_20160406T045423,20160406,57484.2069672,2016-04-06T04:58:01.963
IRC+10216,850,scuba2_00023_20160406T070638,20160406,57484.2967858,2016-04-06T07:07:22.292
IRC+10216,850,scuba2_00017_20160407T064159,20160407,57485.2811823,2016-04-07T06:44:54.155
IRC+10216,850,Scuba2_00008_20160407T043806,20160407,57485.1956636,2016-04-07T04:41:45.333
IRC+10216,850,scuba2_00014_20160409T050339,20160409,57487.2133381,2016-04-09T05:07:12.412
IRC+10216,850,scuba2_00016_20160410T044712,20160410,57488.2019351,2016-04-10T04:50:47.192
IRC+10216,850,scuba2_00020_20160410T054327,20160410,57488.2390622,2016-04-10T05:44:14.974
IRC+10216,850,scuba2_00025_20160410T065726,20160410,57488.2904103,2016-04-10T06:58:11.451
IRC+10216,850,scuba2_00029_20160410T080904,20160410,57488.3407359,2016-04-10T08:10:39.581
IRC+10216,850,scuba2_00013_20160411T053624,20160411,57489.2341594,2016-04-11T05:37:11.370
IRC+10216,850,scuba2_00022_20160411T073640,20160411,57489.319348,2016-04-11T07:39:51.669
IRC+10216,850,Scuba2_00009_20160411T040327,20160411,57489.1716482,2016-04-11T04:07:10.404
IRC+10216,850,scuba2_00010_20160415T040210,20160415,57493.1707288,2016-04-15T04:05:50.969
IRC+10216,850,scuba2_00015_20160415T051824,20160415,57493.2213732,2016-04-15T05:18:46.641
IRC+10216,850,scuba2_00020_20160415T063150,20160415,57493.2725911,2016-04-15T06:32:31.875
IRC+10216,850,scuba2_00010_20160416T045734,20160416,57494.207173,2016-04-16T04:58:19.745
IRC+10216,850,Scuba2_00007_20160416T041051,20160416,57494.1744834,2016-04-16T04:11:15.365
IRC+10216,850,scuba2_00015_20160417T050922,20160417,57495.2172222,2016-04-17T05:12:47.998
IRC+10216,850,scuba2_00011_20160418T045742,20160418,57496.207279,2016-04-18T04:58:28.903
IRC+10216,850,scuba2_00023_20160418T072056,20160418,57496.3069052,2016-04-18T07:21:56.611
IRC+10216,850,Scuba2_00008_20160418T040839,20160418,57496.1729332,2016-04-18T04:09:01.430
IRC+10216,850,scuba2_00011_20160420T045759,20160420,57498.2093107,2016-04-20T05:01:24.447
IRC+10216,850,scuba2_00015_20160420T055136,20160420,57498.244666,2016-04-20T05:52:19.144
IRC+10216,850,scuba2_00019_20160420T070157,20160420,57498.2937474,2016-04-20T07:02:59.774
IRC+10216,850,scuba2_00010_20160421T045153,20160421,57499.2050851,2016-04-21T04:55:19.350
IRC+10216,850,scuba2_00020_20160421T065230,20160421,57499.2874998,2016-04-21T06:53:59.979
IRC+10216,850,scuba2_00012_20160422T053735,20160422,57500.2360238,2016-04-22T05:39:52.460
IRC+10216,850,scuba2_00016_20160422T064953,20160422,57500.2853598,2016-04-22T06:50:55.084
IRC+10216,850,scuba2_00021_20160428T062658,20160428,57506.2703668,2016-04-28T06:29:19.693
IRC+10216,850,scuba2_00024_20160428T071930,20160428,57506.3058341,2016-04-28T07:20:24.068
IRC+10216,850,Scuba2_00009_20160428T042222,20160428,57506.1846034,2016-04-28T04:25:49.733
IRC+10216,850,scuba2_00020_20160503T061700,20160503,57511.2641069,2016-05-03T06:20:18.837
IRC+10216,850,Scuba2_00008_20160503T040249,20160503,57511.1710216,2016-05-03T04:06:16.268
IRC+10216,850,scuba2_00017_20160505T055813,20160505,57513.2501614,2016-05-05T06:00:13.948
IRC+10216,850,scuba2_00025_20160505T070628,20160505,57513.2967836,2016-05-05T07:07:22.105
IRC+10216,850,scuba2_00019_20160508T061939,20160508,57516.2653211,2016-05-08T06:22:03.743
IRC+10216,850,scuba2_00024_20160508T071812,20160508,57516.3048901,2016-05-08T07:19:02.507
IRC+10216,850,scuba2_00014_20160510T054915,20160510,57518.2447468,2016-05-10T05:52:26.125
IRC+10216,850,scuba2_00013_20160511T050342,20160511,57519.2125582,2016-05-11T05:06:05.026
IRC+10216,850,scuba2_00019_20160511T054112,20160511,57519.2379895,2016-05-11T05:42:42.293
IRC+10216,850,scuba2_00026_20160511T072053,20160511,57519.3085229,2016-05-11T07:24:16.381
IRC+10216,850,scuba2_00017_20160522T055718,20160522,57530.2504249,2016-05-22T06:00:36.710
IRC+10216,850,scuba2_00012_20160523T045343,20160523,57531.2062336,2016-05-23T04:56:58.580
IRC+10216,850,scuba2_00018_20160523T060135,20160523,57531.2534131,2016-05-23T06:04:54.896
IRC+10216,850,scuba2_00013_20160524T055119,20160524,57532.2463112,2016-05-24T05:54:41.287
IRC+10216,850,scuba2_00019_20160524T065920,20160524,57532.2935767,2016-05-24T07:02:45.024
IRC+10216,850,scuba2_00011_20160528T054819,20160528,57536.2441295,2016-05-28T05:51:32.784
IRC+10216,850,scuba2_00014_20160528T064206,20160528,57536.2798322,2016-05-28T06:42:57.506
IRC+10216,850,scuba2_00015_20160529T052902,20160529,57537.2308642,2016-05-29T05:32:26.668
IRC+10216,850,scuba2_00019_20160529T062541,20160529,57537.2684484,2016-05-29T06:26:33.939
IRC+10216,850,scuba2_00024_20160529T071910,20160529,57537.3053009,2016-05-29T07:19:37.994
IRC+10216,850,scuba2_00014_20160531T053026,20160531,57539.2318463,2016-05-31T05:33:51.523
IRC+10216,850,scuba2_00017_20160531T062303,20160531,57539.2666397,2016-05-31T06:23:57.667
IRC+10216,850,scuba2_00022_20160531T071923,20160531,57539.3054504,2016-05-31T07:19:50.917
IRC+10216,850,scuba2_00011_20160604T043521,20160604,57543.1933885,2016-06-04T04:38:28.771
IRC+10216,850,scuba2_00014_20160604T053151,20160604,57543.2310913,2016-06-04T05:32:46.289
IRC+10216,850,scuba2_00010_20160607T045911,20160607,57546.2099092,2016-06-07T05:02:16.158
IRC+10216,850,Scuba2_00007_20160607T044101,20160607,57546.1954836,2016-06-07T04:41:29.786
IRC+10216,850,scuba2_00096_20161122T140010,20161122,57714.5860189,2016-11-22T14:03:52.029
IRC+10216,850,scuba2_00047_20161127T180136,20161127,57719.7533439,2016-11-27T18:04:48.914
IRC+10216,850,scuba2_00050_20161127T185359,20161127,57719.788076,2016-11-27T18:54:49.770
IRC+10216,850,scuba2_00020_20170223T063538,20170223,57807.2752809,2017-02-23T06:36:24.269
IRC+10216,850,scuba2_00024_20170223T074514,20170223,57807.3236525,2017-02-23T07:46:03.580
IRC+10216,850,scuba2_00020_20170224T061713,20170224,57808.2647545,2017-02-24T06:21:14.791
IRC+10216,850,scuba2_00024_20170224T073206,20170224,57808.3145294,2017-02-24T07:32:55.344
IRC+10216,850,scuba2_00048_20170224T125641,20170224,57808.5399643,2017-02-24T12:57:32.918
IRC+10216,850,scuba2_00026_20170225T103521,20170225,57809.4423323,2017-02-25T10:36:57.514
IRC+10216,850,scuba2_00031_20170225T113205,20170225,57809.4812852,2017-02-25T11:33:03.039
IRC+10216,850,scuba2_00034_20170225T122150,20170225,57809.515784,2017-02-25T12:22:43.735
IRC+10216,850,Scuba2_00008_20170225T071846,20170225,57809.3073053,2017-02-25T07:22:31.176
IRC+10216,850,Scuba2_00008_20170312T054106,20170312,57824.2395773,2017-03-12T05:44:59.481
IRC+10216,850,scuba2_00020_20170320T060921,20170320,57832.2590004,2017-03-20T06:12:57.637
IRC+10216,850,scuba2_00010_20170321T051526,20170321,57833.221732,2017-03-21T05:19:17.644
IRC+10216,850,scuba2_00037_20170321T112250,20170321,57833.4747705,2017-03-21T11:23:40.171
IRC+10216,850,scuba2_00015_20170323T045118,20170323,57835.2041192,2017-03-23T04:53:55.899
IRC+10216,850,scuba2_00010_20170324T045804,20170324,57836.2096915,2017-03-24T05:01:57.343
IRC+10216,850,scuba2_00018_20170324T065021,20170324,57836.2855961,2017-03-24T06:51:15.499
IRC+10216,850,scuba2_00020_20170324T070054,20170324,57836.2928894,2017-03-24T07:01:45.647
IRC+10216,850,scuba2_00013_20170325T055050,20170325,57837.2441913,2017-03-25T05:51:38.131
IRC+10216,850,scuba2_00013_20170328T052106,20170328,57840.225308,2017-03-28T05:24:26.609
IRC+10216,850,scuba2_00022_20170328T072612,20170328,57840.3101932,2017-03-28T07:26:40.692
IRC+10216,850,scuba2_00014_20170408T051524,20170408,57851.2193625,2017-04-08T05:15:52.921
IRC+10216,850,Scuba2_00009_20170408T041358,20170408,57851.1790368,2017-04-08T04:17:48.783
IRC+10216,850,Scuba2_00009_20170417T043107,20170417,57860.1908148,2017-04-17T04:34:46.400
IRC+10216,850,Scuba2_00009_20170418T043219,20170418,57861.1916512,2017-04-18T04:35:58.665
IRC+10216,850,Scuba2_00008_20170419T043132,20170419,57862.1911011,2017-04-19T04:35:11.135
IRC+10216,850,scuba2_00012_20170427T072552,20170427,57870.3103459,2017-04-27T07:26:53.890
IRC+10216,850,scuba2_00010_20170428T072519,20170428,57871.309945,2017-04-28T07:26:19.246
IRC+10216,850,scuba2_00019_20170429T070627,20170429,57872.2984523,2017-04-29T07:09:46.281
IRC+10216,850,scuba2_00021_20170504T070409,20170504,57877.2969107,2017-05-04T07:07:33.081
IRC+10216,850,scuba2_00013_20170505T060039,20170505,57878.2520888,2017-05-05T06:03:00.469
IRC+10216,850,scuba2_00017_20170506T065449,20170506,57879.2904066,2017-05-06T06:58:11.131
IRC+10216,850,Scuba2_00008_20170506T043832,20170506,57879.1956377,2017-05-06T04:41:43.099
IRC+10216,850,scuba2_00024_20170507T075407,20170507,57880.3318317,2017-05-07T07:57:50.258
IRC+10216,850,scuba2_00022_20170512T063128,20170512,57885.2742217,2017-05-12T06:34:52.758
IRC+10216,850,scuba2_00025_20170512T072523,20170512,57885.3099101,2017-05-12T07:26:16.235
IRC+10216,850,scuba2_00022_20170513T065914,20170513,57886.2935317,2017-05-13T07:02:41.143
IRC+10216,850,scuba2_00011_20170514T071441,20170514,57887.3024586,2017-05-14T07:15:32.422
IRC+10216,850,Scuba2_00008_20170514T061527,20170514,57887.2610649,2017-05-14T06:15:56.010
IRC+10216,850,scuba2_00015_20170517T055810,20170517,57890.2490454,2017-05-17T05:58:37.526
IRC+10216,850,scuba2_00020_20170517T071334,20170517,57890.3014126,2017-05-17T07:14:02.052
IRC+10216,850,scuba2_00013_20170518T054236,20170518,57891.239357,2017-05-18T05:44:40.445
IRC+10216,850,scuba2_00019_20170518T064202,20170518,57891.2815911,2017-05-18T06:45:29.472
IRC+10216,850,scuba2_00011_20170519T051722,20170519,57892.2211781,2017-05-19T05:18:29.787
IRC+10216,850,scuba2_00020_20170519T071340,20170519,57892.3035992,2017-05-19T07:17:10.967
IRC+10216,850,Scuba2_00008_20170519T042415,20170519,57892.1849886,2017-05-19T04:26:23.018
IRC+10216,850,scuba2_00015_20170524T060001,20170524,57897.2523941,2017-05-24T06:03:26.854
IRC+10216,850,scuba2_00015_20170525T052832,20170525,57898.2304943,2017-05-25T05:31:54.708
IRC+10216,850,scuba2_00015_20170526T055025,20170526,57899.2457203,2017-05-26T05:53:50.235
IRC+10216,850,Scuba2_00008_20170526T042808,20170526,57899.1865226,2017-05-26T04:28:35.556
IRC+10216,850,scuba2_00013_20170527T055633,20170527,57900.249996,2017-05-27T05:59:59.650
IRC+10216,850,scuba2_00015_20170602T042620,20170602,57906.185752,2017-06-02T04:27:28.969
IRC+10216,850,scuba2_00021_20170602T052337,20170602,57906.2269629,2017-06-02T05:26:49.598
IRC+10216,850,scuba2_00024_20170602T061753,20170602,57906.2630011,2017-06-02T06:18:43.294
IRC+10216,850,scuba2_00015_20170603T055151,20170603,57907.2467427,2017-06-03T05:55:18.573
IRC+10216,850,scuba2_00017_20170605T055412,20170605,57909.2483739,2017-06-05T05:57:39.508
IRC+10216,850,scuba2_00011_20170607T044218,20170607,57911.196737,2017-06-07T04:43:18.077
IRC+10216,850,scuba2_00018_20170607T055614,20170607,57911.2476659,2017-06-07T05:56:38.338
IRC+10216,850,Scuba2_00008_20170609T061320,20170609,57913.2616806,2017-06-09T06:16:49.207
