Target Name,RA (J2000.0),Dec. (J2000.0),Proposal ID,Start Date,Sequence Number,Instrument,Filter,Int. Time,Obs. Type,Intent,Product ID,Obs. ID,DOWNLOADABLE
IRC+10216,146.9979376551,13.2921664129,JCMTCAL,57719.7878819,50,SCUBA-2,SCUBA-2-450um,111,pointing,science,raw-450um,scuba2_00050_20161127T185359,caom:JCMT/scuba2_00050_20161127T185359/raw-450um
IRC+10216,146.9991842572,13.2828332336,JCMTCAL,57388.4128819,17,SCUBA-2,SCUBA-2-450um,191,pointing,science,raw-450um,scuba2_00017_20160101T095052,caom:JCMT/scuba2_00017_20160101T095052/raw-450um
IRC+10216,147.0037512163,13.2918607896,JCMTCAL,57388.6299306,41,SCUBA-2,SCUBA-2-450um,190,pointing,science,raw-450um,scuba2_00041_20160101T150628,caom:JCMT/scuba2_00041_20160101T150628/raw-450um
IRC+10216,146.9945894713,13.2826943555,JCMTCAL,57390.411169,35,SCUBA-2,SCUBA-2-450um,192,pointing,science,raw-450um,scuba2_00035_20160103T094826,caom:JCMT/scuba2_00035_20160103T094826/raw-450um
IRC+10216,146.9930197404,13.2840832702,JCMTCAL,57390.4719792,38,SCUBA-2,SCUBA-2-450um,190,pointing,science,raw-450um,scuba2_00038_20160103T111910,caom:JCMT/scuba2_00038_20160103T111910/raw-450um
IRC+10216,146.9995845499,13.29186079,JCMTCAL,57390.6224884,52,SCUBA-2,SCUBA-2-450um,66,pointing,science,raw-450um,scuba2_00052_20160103T145408,caom:JCMT/scuba2_00052_20160103T145408/raw-450um
IRC+10216,146.998898843,13.2826943524,JCMTCAL,57392.40375,31,SCUBA-2,SCUBA-2-450um,194,pointing,science,raw-450um,scuba2_00031_20160105T094117,caom:JCMT/scuba2_00031_20160105T094117/raw-450um
IRC+10216,146.9978998811,13.2814443818,JCMTCAL,57397.4057292,36,SCUBA-2,SCUBA-2-450um,148,pointing,science,raw-450um,scuba2_00036_20160110T093911,caom:JCMT/scuba2_00036_20160110T093911/raw-450um
IRC+10216,146.9987561379,13.2826943556,JCMTCAL,57404.3741204,37,SCUBA-2,SCUBA-2-450um,66,pointing,science,raw-450um,scuba2_00037_20160117T085838,caom:JCMT/scuba2_00037_20160117T085838/raw-450um
IRC+10216,147.0020387033,13.2922775178,JCMTCAL,57403.6525694,57,SCUBA-2,SCUBA-2-450um,107,pointing,science,raw-450um,scuba2_00057_20160116T153935,caom:JCMT/scuba2_00057_20160116T153935/raw-450um
IRC+10216,146.9969010019,13.2846388255,JCMTCAL,57406.4586111,31,SCUBA-2,SCUBA-2-450um,67,pointing,science,raw-450um,scuba2_00031_20160119T105713,caom:JCMT/scuba2_00031_20160119T105713/raw-450um
IRC+10216,146.9989367029,13.2939719187,JCMTCAL,57719.7531481,47,SCUBA-2,SCUBA-2-450um,110,pointing,science,raw-450um,scuba2_00047_20161127T180136,caom:JCMT/scuba2_00047_20161127T180136/raw-450um
IRC+10216,146.9927937029,13.2842221605,JCMTCAL,57714.5858218,96,SCUBA-2,SCUBA-2-450um,196,pointing,science,raw-450um,scuba2_00096_20161122T140010,caom:JCMT/scuba2_00096_20161122T140010/raw-450um
IRC+10216,146.9909385353,13.2868610347,JCMTCAL,57711.6553241,103,SCUBA-2,SCUBA-2-450um,67,pointing,science,raw-450um,scuba2_00103_20161119T154044,caom:JCMT/scuba2_00103_20161119T154044/raw-450um
IRC+10216,147.0020387032,13.2922775173,JCMTCAL,57408.6338773,71,SCUBA-2,SCUBA-2-450um,198,pointing,science,raw-450um,scuba2_00071_20160121T151038,caom:JCMT/scuba2_00071_20160121T151038/raw-450um
IRC+10216,146.9970437029,13.2842221613,JCMTCAL,57408.4421181,45,SCUBA-2,SCUBA-2-450um,66,pointing,science,raw-450um,scuba2_00045_20160121T103608,caom:JCMT/scuba2_00045_20160121T103608/raw-450um
IRC+10216,146.99401866,13.2831110321,JCMTCAL,57467.2211921,13,SCUBA-2,SCUBA-2-450um,171,pointing,science,raw-450um,scuba2_00013_20160320T051826,caom:JCMT/scuba2_00013_20160320T051826/raw-450um
IRC+10216,146.9920208197,13.286583253,JCMTCAL,57474.2976042,20,SCUBA-2,SCUBA-2-450um,109,pointing,science,raw-450um,scuba2_00020_20160327T070536,caom:JCMT/scuba2_00020_20160327T070536/raw-450um
IRC+10216,146.9921635231,13.286166591,JCMTCAL,57475.2905324,19,SCUBA-2,SCUBA-2-450um,106,pointing,science,raw-450um,scuba2_00019_20160328T065521,caom:JCMT/scuba2_00019_20160328T065521/raw-450um
IRC+10216,146.9925915952,13.2825555038,JCMTCAL,57476.2272917,12,SCUBA-2,SCUBA-2-450um,107,pointing,science,raw-450um,scuba2_00012_20160329T052456,caom:JCMT/scuba2_00012_20160329T052456/raw-450um
IRC+10216,146.9861698663,13.2815832954,JCMTCAL,57479.2350463,17,SCUBA-2,SCUBA-2-450um,191,pointing,science,raw-450um,scuba2_00017_20160401T053559,caom:JCMT/scuba2_00017_20160401T053559/raw-450um
IRC+10216,146.99401866,13.283111032,JCMTCAL,57479.1898148,8,SCUBA-2,SCUBA-2-450um,192,pointing,science,raw-450um,scuba2_00008_20160401T043313,caom:JCMT/scuba2_00008_20160401T043313/raw-450um
IRC+10216,146.9927343365,13.2847777128,JCMTCAL,57480.2574769,16,SCUBA-2,SCUBA-2-450um,111,pointing,science,raw-450um,scuba2_00016_20160402T061020,caom:JCMT/scuba2_00016_20160402T061020/raw-450um
IRC+10216,146.9931624413,13.2838054905,JCMTCAL,57480.2182407,11,SCUBA-2,SCUBA-2-450um,108,pointing,science,raw-450um,scuba2_00011_20160402T051353,caom:JCMT/scuba2_00011_20160402T051353/raw-450um
IRC+10216,146.9933051448,13.2836666001,JCMTCAL,57481.2131713,12,SCUBA-2,SCUBA-2-450um,107,pointing,science,raw-450um,scuba2_00012_20160403T050630,caom:JCMT/scuba2_00012_20160403T050630/raw-450um
IRC+10216,146.9928770378,13.2843610487,JCMTCAL,57481.2497685,16,SCUBA-2,SCUBA-2-450um,106,pointing,science,raw-450um,scuba2_00016_20160403T055908,caom:JCMT/scuba2_00016_20160403T055908/raw-450um
IRC+10216,146.9941613279,13.2814443738,JCMTCAL,57481.1770949,8,SCUBA-2,SCUBA-2-450um,108,pointing,science,raw-450um,scuba2_00008_20160403T041128,caom:JCMT/scuba2_00008_20160403T041128/raw-450um
IRC+10216,146.9920207799,13.282972176,JCMTCAL,57482.2239583,12,SCUBA-2,SCUBA-2-450um,109,pointing,science,raw-450um,scuba2_00012_20160404T052200,caom:JCMT/scuba2_00012_20160404T052200/raw-450um
IRC+10216,146.9933051496,13.2839443762,JCMTCAL,57484.2067824,10,SCUBA-2,SCUBA-2-450um,65,pointing,science,raw-450um,scuba2_00010_20160406T045423,caom:JCMT/scuba2_00010_20160406T045423/raw-450um
IRC+10216,146.9918780762,13.2831110657,JCMTCAL,57487.2131597,14,SCUBA-2,SCUBA-2-450um,193,pointing,science,raw-450um,scuba2_00014_20160409T050339,caom:JCMT/scuba2_00014_20160409T050339/raw-450um
IRC+10216,146.9998699722,13.2918607787,JCMTCAL,57488.3400694,29,SCUBA-2,SCUBA-2-450um,111,pointing,science,raw-450um,scuba2_00029_20160410T080904,caom:JCMT/scuba2_00029_20160410T080904/raw-450um
IRC+10216,146.993019738,13.2839443817,JCMTCAL,57488.2017593,16,SCUBA-2,SCUBA-2-450um,190,pointing,science,raw-450um,scuba2_00016_20160410T044712,caom:JCMT/scuba2_00016_20160410T044712/raw-450um
IRC+10216,146.9925916291,13.2847777138,JCMTCAL,57488.2388773,20,SCUBA-2,SCUBA-2-450um,107,pointing,science,raw-450um,scuba2_00020_20160410T054327,caom:JCMT/scuba2_00020_20160410T054327/raw-450um
IRC+10216,146.999584633,13.2938052176,JCMTCAL,57489.3191667,22,SCUBA-2,SCUBA-2-450um,107,pointing,science,raw-450um,scuba2_00022_20160411T073640,caom:JCMT/scuba2_00022_20160411T073640/raw-450um
IRC+10216,146.9933051109,13.2819999408,JCMTCAL,57489.1714699,9,SCUBA-2,SCUBA-2-450um,106,pointing,science,raw-450um,scuba2_00009_20160411T040327,caom:JCMT/scuba2_00009_20160411T040327/raw-450um
IRC+10216,146.9910218506,13.2840832934,JCMTCAL,57489.2339815,13,SCUBA-2,SCUBA-2-450um,106,pointing,science,raw-450um,scuba2_00013_20160411T053624,caom:JCMT/scuba2_00013_20160411T053624/raw-450um
IRC+10216,146.9925916301,13.2847777152,JCMTCAL,57493.2211806,15,SCUBA-2,SCUBA-2-450um,109,pointing,science,raw-450um,scuba2_00015_20160415T051824,caom:JCMT/scuba2_00015_20160415T051824/raw-450um
IRC+10216,146.9915926728,13.2838055107,JCMTCAL,57494.2069907,10,SCUBA-2,SCUBA-2-450um,107,pointing,science,raw-450um,scuba2_00010_20160416T045734,caom:JCMT/scuba2_00010_20160416T045734/raw-450um
IRC+10216,146.992448888,13.2824166179,JCMTCAL,57496.1727546,8,SCUBA-2,SCUBA-2-450um,108,pointing,science,raw-450um,scuba2_00008_20160418T040839,caom:JCMT/scuba2_00008_20160418T040839/raw-450um
IRC+10216,146.9997272609,13.2918607842,JCMTCAL,57496.3067245,23,SCUBA-2,SCUBA-2-450um,108,pointing,science,raw-450um,scuba2_00023_20160418T072056,caom:JCMT/scuba2_00023_20160418T072056/raw-450um
IRC+10216,146.9927343361,13.284638827,JCMTCAL,57496.2070949,11,SCUBA-2,SCUBA-2-450um,107,pointing,science,raw-450um,scuba2_00011_20160418T045742,caom:JCMT/scuba2_00011_20160418T045742/raw-450um
IRC+10216,146.9910218496,13.2839444054,JCMTCAL,57498.2091319,11,SCUBA-2,SCUBA-2-450um,64,pointing,science,raw-450um,scuba2_00011_20160420T045759,caom:JCMT/scuba2_00011_20160420T045759/raw-450um
IRC+10216,146.99958455,13.2918607896,JCMTCAL,57498.2935648,19,SCUBA-2,SCUBA-2-450um,65,pointing,science,raw-450um,scuba2_00019_20160420T070157,caom:JCMT/scuba2_00019_20160420T070157/raw-450um
IRC+10216,146.9991564218,13.2919996937,JCMTCAL,57499.2873148,20,SCUBA-2,SCUBA-2-450um,65,pointing,science,raw-450um,scuba2_00020_20160421T065230,caom:JCMT/scuba2_00020_20160421T065230/raw-450um
IRC+10216,146.9927343348,13.2846388253,JCMTCAL,57499.2049074,10,SCUBA-2,SCUBA-2-450um,64,pointing,science,raw-450um,scuba2_00010_20160421T045153,caom:JCMT/scuba2_00010_20160421T045153/raw-450um
IRC+10216,146.999013706,13.2918608118,JCMTCAL,57506.2701852,21,SCUBA-2,SCUBA-2-450um,191,pointing,science,raw-450um,scuba2_00021_20160428T062658,caom:JCMT/scuba2_00021_20160428T062658/raw-450um
IRC+10216,146.9928770419,13.2846388237,JCMTCAL,57506.1844213,9,SCUBA-2,SCUBA-2-450um,109,pointing,science,raw-450um,scuba2_00009_20160428T042222,caom:JCMT/scuba2_00009_20160428T042222/raw-450um
IRC+10216,146.9995845559,13.2919996775,JCMTCAL,57511.2639236,20,SCUBA-2,SCUBA-2-450um,152,pointing,science,raw-450um,scuba2_00020_20160503T061700,caom:JCMT/scuba2_00020_20160503T061700/raw-450um
IRC+10216,146.9995845608,13.2921385647,JCMTCAL,57513.2499653,17,SCUBA-2,SCUBA-2-450um,194,pointing,science,raw-450um,scuba2_00017_20160505T055813,caom:JCMT/scuba2_00017_20160505T055813/raw-450um
IRC+10216,146.9994418451,13.2919996828,JCMTCAL,57513.2965972,25,SCUBA-2,SCUBA-2-450um,110,pointing,science,raw-450um,scuba2_00025_20160505T070628,caom:JCMT/scuba2_00025_20160505T070628/raw-450um
IRC+10216,146.9998699719,13.2918607787,JCMTCAL,57516.2651273,19,SCUBA-2,SCUBA-2-450um,108,pointing,science,raw-450um,scuba2_00019_20160508T061939,caom:JCMT/scuba2_00019_20160508T061939/raw-450um
IRC+10216,146.9997272609,13.2918607842,JCMTCAL,57518.2445718,14,SCUBA-2,SCUBA-2-450um,190,pointing,science,raw-450um,scuba2_00014_20160510T054915,caom:JCMT/scuba2_00014_20160510T054915/raw-450um
IRC+10216,146.9987283014,13.2922774851,JCMTCAL,57519.3083449,26,SCUBA-2,SCUBA-2-450um,106,pointing,science,raw-450um,scuba2_00026_20160511T072053,caom:JCMT/scuba2_00026_20160511T072053/raw-450um
IRC+10216,146.9994418448,13.2919996827,JCMTCAL,57530.2502431,17,SCUBA-2,SCUBA-2-450um,107,pointing,science,raw-450um,scuba2_00017_20160522T055718,caom:JCMT/scuba2_00017_20160522T055718/raw-450um
IRC+10216,146.9994419274,13.2939441118,JCMTCAL,57531.2532292,18,SCUBA-2,SCUBA-2-450um,111,pointing,science,raw-450um,scuba2_00018_20160523T060135,caom:JCMT/scuba2_00018_20160523T060135/raw-450um
IRC+10216,146.9994418508,13.2921385703,JCMTCAL,57532.2461343,13,SCUBA-2,SCUBA-2-450um,106,pointing,science,raw-450um,scuba2_00013_20160524T055119,caom:JCMT/scuba2_00013_20160524T055119/raw-450um
IRC+10216,146.9980147471,13.292277512,JCMTCAL,57532.2933912,19,SCUBA-2,SCUBA-2-450um,107,pointing,science,raw-450um,scuba2_00019_20160524T065920,caom:JCMT/scuba2_00019_20160524T065920/raw-450um
IRC+10216,146.9991564228,13.2919996938,JCMTCAL,57536.2439352,11,SCUBA-2,SCUBA-2-450um,153,pointing,science,raw-450um,scuba2_00011_20160528T054819,caom:JCMT/scuba2_00011_20160528T054819/raw-450um
IRC+10216,146.998157458,13.292277507,JCMTCAL,57536.2796412,14,SCUBA-2,SCUBA-2-450um,110,pointing,science,raw-450um,scuba2_00014_20160528T064206,caom:JCMT/scuba2_00014_20160528T064206/raw-450um
IRC+10216,146.9984428796,13.292277496,JCMTCAL,57537.2682523,19,SCUBA-2,SCUBA-2-450um,110,pointing,science,raw-450um,scuba2_00019_20160529T062541,caom:JCMT/scuba2_00019_20160529T062541/raw-450um
IRC+10216,146.996873129,13.2942219935,JCMTCAL,57537.3051042,24,SCUBA-2,SCUBA-2-450um,155,pointing,science,raw-450um,scuba2_00024_20160529T071910,caom:JCMT/scuba2_00024_20160529T071910/raw-450um
IRC+10216,146.9981574527,13.2921386187,JCMTCAL,57539.2664352,17,SCUBA-2,SCUBA-2-450um,112,pointing,science,raw-450um,scuba2_00017_20160531T062303,caom:JCMT/scuba2_00017_20160531T062303/raw-450um
IRC+10216,146.9991565096,13.2940830116,JCMTCAL,57543.2309028,14,SCUBA-2,SCUBA-2-450um,67,pointing,science,raw-450um,scuba2_00014_20160604T053151,caom:JCMT/scuba2_00014_20160604T053151/raw-450um
IRC+10216,146.9997272671,13.2919996721,JCMTCAL,57543.1931944,11,SCUBA-2,SCUBA-2-450um,200,pointing,science,raw-450um,scuba2_00011_20160604T043521,caom:JCMT/scuba2_00011_20160604T043521/raw-450um
IRC+10216,146.9994419271,13.2939441114,JCMTCAL,57546.2097222,10,SCUBA-2,SCUBA-2-450um,198,pointing,science,raw-450um,scuba2_00010_20160607T045911,caom:JCMT/scuba2_00010_20160607T045911/raw-450um
IRC+10216,146.9995845559,13.2919996775,JCMTCAL,57546.1952894,7,SCUBA-2,SCUBA-2-450um,197,pointing,science,raw-450um,scuba2_00007_20160607T044101,caom:JCMT/scuba2_00007_20160607T044101/raw-450um
IRC+10216,146.9974718106,13.2836665992,JCMTCAL,57388.4631481,21,SCUBA-2,SCUBA-2-450um,107,pointing,science,raw-450um,scuba2_00021_20160101T110628,caom:JCMT/scuba2_00021_20160101T110628/raw-450um
IRC+10216,146.9973291107,13.283944379,JCMTCAL,57389.4693634,30,SCUBA-2,SCUBA-2-450um,109,pointing,science,raw-450um,scuba2_00030_20160102T111231,caom:JCMT/scuba2_00030_20160102T111231/raw-450um
IRC+10216,147.0033230893,13.2919996936,JCMTCAL,57389.6447801,48,SCUBA-2,SCUBA-2-450um,66,pointing,science,raw-450um,scuba2_00048_20160102T152823,caom:JCMT/scuba2_00048_20160102T152823/raw-450um
IRC+10216,147.0016105711,13.2922775338,JCMTCAL,57389.7005671,56,SCUBA-2,SCUBA-2-450um,196,pointing,science,raw-450um,scuba2_00056_20160102T164836,caom:JCMT/scuba2_00056_20160102T164836/raw-450um
IRC+10216,146.9970437029,13.2842221613,JCMTCAL,57394.4811921,39,SCUBA-2,SCUBA-2-450um,150,pointing,science,raw-450um,scuba2_00039_20160107T113224,caom:JCMT/scuba2_00039_20160107T113224/raw-450um
IRC+10216,146.9973290682,13.2817221674,JCMTCAL,57394.4312384,35,SCUBA-2,SCUBA-2-450um,149,pointing,science,raw-450um,scuba2_00035_20160107T102052,caom:JCMT/scuba2_00035_20160107T102052/raw-450um
IRC+10216,146.9964728536,13.282694396,JCMTCAL,57402.4352662,34,SCUBA-2,SCUBA-2-450um,107,pointing,science,raw-450um,scuba2_00034_20160115T102640,caom:JCMT/scuba2_00034_20160115T102640/raw-450um
IRC+10216,147.0000404727,13.2822776607,JCMTCAL,57404.3358333,31,SCUBA-2,SCUBA-2-450um,195,pointing,science,raw-450um,scuba2_00031_20160117T080329,caom:JCMT/scuba2_00031_20160117T080329/raw-450um
IRC+10216,146.9971864013,13.2836666075,JCMTCAL,57397.4623727,43,SCUBA-2,SCUBA-2-450um,107,pointing,science,raw-450um,scuba2_00043_20160110T110510,caom:JCMT/scuba2_00043_20160110T110510/raw-450um
IRC+10216,146.994304068,13.282972138,JCMTCAL,57424.3316319,26,SCUBA-2,SCUBA-2-450um,108,pointing,science,raw-450um,scuba2_00026_20160206T075306,caom:JCMT/scuba2_00026_20160206T075306/raw-450um
IRC+10216,146.9945894749,13.2828332436,JCMTCAL,57421.3298032,23,SCUBA-2,SCUBA-2-450um,149,pointing,science,raw-450um,scuba2_00023_20160203T075118,caom:JCMT/scuba2_00023_20160203T075118/raw-450um
IRC+10216,147.0040366326,13.2917218908,JCMTCAL,57407.5553935,49,SCUBA-2,SCUBA-2-450um,194,pointing,science,raw-450um,scuba2_00049_20160120T131939,caom:JCMT/scuba2_00049_20160120T131939/raw-450um
IRC+10216,147.0024668352,13.2922775016,JCMTCAL,57407.6303125,56,SCUBA-2,SCUBA-2-450um,66,pointing,science,raw-450um,scuba2_00056_20160120T150526,caom:JCMT/scuba2_00056_20160120T150526/raw-450um
IRC+10216,146.9986134363,13.2828332466,JCMTCAL,57407.3698843,27,SCUBA-2,SCUBA-2-450um,65,pointing,science,raw-450um,scuba2_00027_20160120T085232,caom:JCMT/scuba2_00027_20160120T085232/raw-450um
IRC+10216,146.9957593364,13.2835277343,JCMTCAL,57407.4415741,36,SCUBA-2,SCUBA-2-450um,65,pointing,science,raw-450um,scuba2_00036_20160120T103546,caom:JCMT/scuba2_00036_20160120T103546/raw-450um
IRC+10216,146.9953029936,13.2825554508,JCMTCAL,57434.2759954,22,SCUBA-2,SCUBA-2-450um,191,pointing,science,raw-450um,scuba2_00022_20160216T063514,caom:JCMT/scuba2_00022_20160216T063514/raw-450um
IRC+10216,146.9983279891,13.2811665982,JCMTCAL,57410.3629398,32,SCUBA-2,SCUBA-2-450um,66,pointing,science,raw-450um,scuba2_00032_20160123T083732,caom:JCMT/scuba2_00032_20160123T083732/raw-450um
IRC+10216,146.9970437007,13.2840832733,JCMTCAL,57410.4342245,38,SCUBA-2,SCUBA-2-450um,199,pointing,science,raw-450um,scuba2_00038_20160123T102446,caom:JCMT/scuba2_00038_20160123T102446/raw-450um
IRC+10216,146.997899922,13.2833888146,JCMTCAL,57409.3953935,40,SCUBA-2,SCUBA-2-450um,198,pointing,science,raw-450um,scuba2_00040_20160122T092612,caom:JCMT/scuba2_00040_20160122T092612/raw-450um
IRC+10216,147.0043221408,13.2936663059,JCMTCAL,57410.5570602,53,SCUBA-2,SCUBA-2-450um,66,pointing,science,raw-450um,scuba2_00053_20160123T131952,caom:JCMT/scuba2_00053_20160123T131952/raw-450um
IRC+10216,147.0021814139,13.2922775121,JCMTCAL,57410.6261227,58,SCUBA-2,SCUBA-2-450um,67,pointing,science,raw-450um,scuba2_00058_20160123T150107,caom:JCMT/scuba2_00058_20160123T150107/raw-450um
IRC+10216,147.0040366386,13.2918607783,JCMTCAL,57409.5505208,59,SCUBA-2,SCUBA-2-450um,198,pointing,science,raw-450um,scuba2_00059_20160122T130954,caom:JCMT/scuba2_00059_20160122T130954/raw-450um
IRC+10216,147.0023241301,13.2924163949,JCMTCAL,57409.6305671,68,SCUBA-2,SCUBA-2-450um,197,pointing,science,raw-450um,scuba2_00068_20160122T150550,caom:JCMT/scuba2_00068_20160122T150550/raw-450um
IRC+10216,146.9938759163,13.2813054915,JCMTCAL,57439.2918519,22,SCUBA-2,SCUBA-2-450um,149,pointing,science,raw-450um,scuba2_00022_20160221T070009,caom:JCMT/scuba2_00022_20160221T070009/raw-450um
IRC+10216,146.9945894747,13.2828332436,JCMTCAL,57440.2804167,12,SCUBA-2,SCUBA-2-450um,107,pointing,science,raw-450um,scuba2_00012_20160222T064321,caom:JCMT/scuba2_00012_20160222T064321/raw-450um
IRC+10216,146.9941613657,13.2831110291,JCMTCAL,57441.2928935,10,SCUBA-2,SCUBA-2-450um,191,pointing,science,raw-450um,scuba2_00010_20160223T065815,caom:JCMT/scuba2_00010_20160223T065815/raw-450um
IRC+10216,146.9938759552,13.2831110353,JCMTCAL,57449.2776505,13,SCUBA-2,SCUBA-2-450um,191,pointing,science,raw-450um,scuba2_00013_20160302T063936,caom:JCMT/scuba2_00013_20160302T063936/raw-450um
IRC+10216,146.9941613661,13.2831110293,JCMTCAL,57442.292338,9,SCUBA-2,SCUBA-2-450um,67,pointing,science,raw-450um,scuba2_00009_20160224T065727,caom:JCMT/scuba2_00009_20160224T065727/raw-450um
IRC+10216,146.9933051036,13.2815832772,JCMTCAL,57445.2863079,18,SCUBA-2,SCUBA-2-450um,130,pointing,science,raw-450um,scuba2_00018_20160227T065211,caom:JCMT/scuba2_00018_20160227T065211/raw-450um
IRC+10216,146.9940186634,13.28324992,JCMTCAL,57446.2821644,16,SCUBA-2,SCUBA-2-450um,129,pointing,science,raw-450um,scuba2_00016_20160228T064249,caom:JCMT/scuba2_00016_20160228T064249/raw-450um
IRC+10216,146.9930197403,13.2840832695,JCMTCAL,57447.3131829,29,SCUBA-2,SCUBA-2-450um,107,pointing,science,raw-450um,scuba2_00029_20160229T072738,caom:JCMT/scuba2_00029_20160229T072738/raw-450um
IRC+10216,146.994446728,13.2810277045,JCMTCAL,57447.2543981,23,SCUBA-2,SCUBA-2-450um,191,pointing,science,raw-450um,scuba2_00023_20160229T060423,caom:JCMT/scuba2_00023_20160229T060423/raw-450um
IRC+10216,146.9943040265,13.2811665952,JCMTCAL,57448.2516204,22,SCUBA-2,SCUBA-2-450um,106,pointing,science,raw-450um,scuba2_00022_20160301T060156,caom:JCMT/scuba2_00022_20160301T060156/raw-450um
IRC+10216,146.9937332585,13.2835277026,JCMTCAL,57453.2755903,17,SCUBA-2,SCUBA-2-450um,106,pointing,science,raw-450um,scuba2_00017_20160306T063623,caom:JCMT/scuba2_00017_20160306T063623/raw-450um
IRC+10216,146.9931624475,13.2840832684,JCMTCAL,57454.2991435,20,SCUBA-2,SCUBA-2-450um,107,pointing,science,raw-450um,scuba2_00020_20160307T071024,caom:JCMT/scuba2_00020_20160307T071024/raw-450um
IRC+10216,146.9943040717,13.2831110266,JCMTCAL,57459.2440972,25,SCUBA-2,SCUBA-2-450um,192,pointing,science,raw-450um,scuba2_00025_20160312T054804,caom:JCMT/scuba2_00025_20160312T054804/raw-450um
IRC+10216,146.9938759165,13.2813054914,JCMTCAL,57454.2494907,15,SCUBA-2,SCUBA-2-450um,107,pointing,science,raw-450um,scuba2_00015_20160307T055635,caom:JCMT/scuba2_00015_20160307T055635/raw-450um
IRC+10216,146.9947321364,13.2810276987,JCMTCAL,57457.2225,12,SCUBA-2,SCUBA-2-450um,64,pointing,science,raw-450um,scuba2_00012_20160310T051648,caom:JCMT/scuba2_00012_20160310T051648/raw-450um
IRC+10216,146.9933051062,13.2817221652,JCMTCAL,57457.2566667,15,SCUBA-2,SCUBA-2-450um,65,pointing,science,raw-450um,scuba2_00015_20160310T060915,caom:JCMT/scuba2_00015_20160310T060915/raw-450um
IRC+10216,146.9934478535,13.2838054857,JCMTCAL,57458.2764699,19,SCUBA-2,SCUBA-2-450um,193,pointing,science,raw-450um,scuba2_00019_20160311T063507,caom:JCMT/scuba2_00019_20160311T063507/raw-450um
IRC+10216,146.9935905507,13.2833888177,JCMTCAL,57450.2872454,19,SCUBA-2,SCUBA-2-450um,106,pointing,science,raw-450um,scuba2_00019_20160303T065325,caom:JCMT/scuba2_00019_20160303T065325/raw-450um
IRC+10216,147.0038939219,13.2917218967,JCMTCAL,57408.556412,62,SCUBA-2,SCUBA-2-450um,195,pointing,science,raw-450um,scuba2_00062_20160121T132107,caom:JCMT/scuba2_00062_20160121T132107/raw-450um
IRC+10216,146.9984707342,13.2829721379,JCMTCAL,57408.3753704,40,SCUBA-2,SCUBA-2-450um,65,pointing,science,raw-450um,scuba2_00040_20160121T085822,caom:JCMT/scuba2_00040_20160121T085822/raw-450um
IRC+10216,146.9964729051,13.2868610244,JCMTCAL,57408.4791551,49,SCUBA-2,SCUBA-2-450um,66,pointing,science,raw-450um,scuba2_00049_20160121T112932,caom:JCMT/scuba2_00049_20160121T112932/raw-450um
IRC+10216,146.9938759135,13.2811666037,JCMTCAL,57451.255544,14,SCUBA-2,SCUBA-2-450um,191,pointing,science,raw-450um,scuba2_00014_20160304T060753,caom:JCMT/scuba2_00014_20160304T060753/raw-450um
IRC+10216,146.9931624433,13.2838054933,JCMTCAL,57452.3099769,25,SCUBA-2,SCUBA-2-450um,106,pointing,science,raw-450um,scuba2_00025_20160305T072553,caom:JCMT/scuba2_00025_20160305T072553/raw-450um
IRC+10216,146.9950175869,13.2826943457,JCMTCAL,57452.2354051,19,SCUBA-2,SCUBA-2-450um,151,pointing,science,raw-450um,scuba2_00019_20160305T053820,caom:JCMT/scuba2_00019_20160305T053820/raw-450um
IRC+10216,146.9927343365,13.2847777127,JCMTCAL,57464.3019444,12,SCUBA-2,SCUBA-2-450um,106,pointing,science,raw-450um,scuba2_00012_20160317T071138,caom:JCMT/scuba2_00012_20160317T071138/raw-450um
IRC+10216,146.9938759584,13.2832499239,JCMTCAL,57460.2527778,27,SCUBA-2,SCUBA-2-450um,192,pointing,science,raw-450um,scuba2_00027_20160313T060354,caom:JCMT/scuba2_00027_20160313T060354/raw-450um
IRC+10216,146.9911645536,13.2836666281,JCMTCAL,57478.2588773,17,SCUBA-2,SCUBA-2-450um,106,pointing,science,raw-450um,scuba2_00017_20160331T061147,caom:JCMT/scuba2_00017_20160331T061147/raw-450um
IRC+10216,146.9941613654,13.2831110286,JCMTCAL,57480.182662,8,SCUBA-2,SCUBA-2-450um,192,pointing,science,raw-450um,scuba2_00008_20160402T041935,caom:JCMT/scuba2_00008_20160402T041935/raw-450um
IRC+10216,146.9928769987,13.2821388355,JCMTCAL,57493.170544,10,SCUBA-2,SCUBA-2-450um,162,pointing,science,raw-450um,scuba2_00010_20160415T040210,caom:JCMT/scuba2_00010_20160415T040210/raw-450um
IRC+10216,146.9940186637,13.2832499207,JCMTCAL,57482.1891782,9,SCUBA-2,SCUBA-2-450um,109,pointing,science,raw-450um,scuba2_00009_20160404T042857,caom:JCMT/scuba2_00009_20160404T042857/raw-450um
IRC+10216,146.992734294,13.2821388378,JCMTCAL,57485.1954861,8,SCUBA-2,SCUBA-2-450um,64,pointing,science,raw-450um,scuba2_00008_20160407T043806,caom:JCMT/scuba2_00008_20160407T043806/raw-450um
IRC+10216,147.0015824416,13.2907496296,JCMTCAL,57488.2902199,25,SCUBA-2,SCUBA-2-450um,107,pointing,science,raw-450um,scuba2_00025_20160410T065726,caom:JCMT/scuba2_00025_20160410T065726/raw-450um
IRC+10216,146.9990137173,13.2921385868,JCMTCAL,57452.4822454,43,SCUBA-2,SCUBA-2-450um,106,pointing,science,raw-450um,scuba2_00043_20160305T113354,caom:JCMT/scuba2_00043_20160305T113354/raw-450um
IRC+10216,146.9925915932,13.2824166161,JCMTCAL,57466.2542824,23,SCUBA-2,SCUBA-2-450um,107,pointing,science,raw-450um,scuba2_00023_20160319T060518,caom:JCMT/scuba2_00023_20160319T060518/raw-450um
IRC+10216,146.9951602917,13.282694342,JCMTCAL,57469.181169,8,SCUBA-2,SCUBA-2-450um,190,pointing,science,raw-450um,scuba2_00008_20160322T041708,caom:JCMT/scuba2_00008_20160322T041708/raw-450um
IRC+10216,146.9934478481,13.283527709,JCMTCAL,57494.1743056,7,SCUBA-2,SCUBA-2-450um,108,pointing,science,raw-450um,scuba2_00007_20160416T041051,caom:JCMT/scuba2_00007_20160416T041051/raw-450um
IRC+10216,146.9911645559,13.2839444043,JCMTCAL,57495.217037,15,SCUBA-2,SCUBA-2-450um,107,pointing,science,raw-450um,scuba2_00015_20160417T050922,caom:JCMT/scuba2_00015_20160417T050922/raw-450um
IRC+10216,146.9992991328,13.2919996883,JCMTCAL,57500.2851852,16,SCUBA-2,SCUBA-2-450um,64,pointing,science,raw-450um,scuba2_00016_20160422T064953,caom:JCMT/scuba2_00016_20160422T064953/raw-450um
IRC+10216,146.9925916284,13.2846388277,JCMTCAL,57511.1708449,8,SCUBA-2,SCUBA-2-450um,107,pointing,science,raw-450um,scuba2_00008_20160503T040249,caom:JCMT/scuba2_00008_20160503T040249/raw-450um
IRC+10216,146.9997272608,13.2918607837,JCMTCAL,57519.2378125,19,SCUBA-2,SCUBA-2-450um,106,pointing,science,raw-450um,scuba2_00019_20160511T054112,caom:JCMT/scuba2_00019_20160511T054112/raw-450um
IRC+10216,146.9992991341,13.2919996884,JCMTCAL,57537.2306713,15,SCUBA-2,SCUBA-2-450um,110,pointing,science,raw-450um,scuba2_00015_20160529T052902,caom:JCMT/scuba2_00015_20160529T052902/raw-450um
IRC+10216,146.9997272608,13.2918607837,JCMTCAL,57531.2060532,12,SCUBA-2,SCUBA-2-450um,107,pointing,science,raw-450um,scuba2_00012_20160523T045343,caom:JCMT/scuba2_00012_20160523T045343/raw-450um
IRC+10216,146.9961874338,13.2819999592,JCMTCAL,57404.420162,45,SCUBA-2,SCUBA-2-450um,65,pointing,science,raw-450um,scuba2_00045_20160117T100414,caom:JCMT/scuba2_00045_20160117T100414/raw-450um
IRC+10216,146.9967583028,13.2853332636,JCMTCAL,57388.5159722,28,SCUBA-2,SCUBA-2-450um,191,pointing,science,raw-450um,scuba2_00028_20160101T122227,caom:JCMT/scuba2_00028_20160101T122227/raw-450um
IRC+10216,146.999727351,13.2939440992,JCMTCAL,57506.3056597,24,SCUBA-2,SCUBA-2-450um,106,pointing,science,raw-450um,scuba2_00024_20160428T071930,caom:JCMT/scuba2_00024_20160428T071930/raw-450um
IRC+10216,146.9998700564,13.2938052059,JCMTCAL,57510.2925347,9,SCUBA-2,SCUBA-2-450um,106,pointing,science,raw-450um,scuba2_00009_20160502T065819,caom:JCMT/scuba2_00009_20160502T065819/raw-450um
IRC+10216,146.9990137976,13.2940830171,JCMTCAL,57516.3047106,24,SCUBA-2,SCUBA-2-450um,108,pointing,science,raw-450um,scuba2_00024_20160508T071812,caom:JCMT/scuba2_00024_20160508T071812/raw-450um
IRC+10216,147.0071483991,13.2940825958,JCMTCAL,57484.2966088,23,SCUBA-2,SCUBA-2-450um,64,pointing,science,raw-450um,scuba2_00023_20160406T070638,caom:JCMT/scuba2_00023_20160406T070638/raw-450um
IRC+10216,146.996873058,13.2921386671,JCMTCAL,57539.3052546,22,SCUBA-2,SCUBA-2-450um,156,pointing,science,raw-450um,scuba2_00022_20160531T071923,caom:JCMT/scuba2_00022_20160531T071923/raw-450um
IRC+10216,146.9992991338,13.2919996882,JCMTCAL,57539.2316551,14,SCUBA-2,SCUBA-2-450um,110,pointing,science,raw-450um,scuba2_00014_20160531T053026,caom:JCMT/scuba2_00014_20160531T053026/raw-450um
